go
USE P4_FBS

-- INSERT VALUES INTO AIRPORT
Insert into Airport(Airport_ID,AirportName,AirportCity,AirportCountry) 
values (1,'Logan International Airport','Boston','USA');
Insert into Airport(Airport_ID,AirportName,AirportCity,AirportCountry) 
values (2,'John F.Kennedy International Airport','New York','USA');
Insert into Airport(Airport_ID,AirportName,AirportCity,AirportCountry)
 values (3,'Harry Reid International Airport','Las Vegas','USA');
Insert into Airport(Airport_ID,AirportName,AirportCity,AirportCountry) 
values (4,'Tampa International Airport','Tampa','USA');
Insert into Airport(Airport_ID,AirportName,AirportCity,AirportCountry) 
values (5,'Miami International Airport','Miami','USA');
Insert into Airport(Airport_ID,AirportName,AirportCity,AirportCountry)
 values (6,'Seattle–Tacoma International Airport','Seattle','USA');
Insert into Airport(Airport_ID,AirportName,AirportCity,AirportCountry) 
values (7,'George Bush Intercontinental Airport','Houston','USA');
Insert into Airport(Airport_ID,AirportName,AirportCity,AirportCountry) 
values (8,'Los Angeles International Airport','Los Angeles','USA');
Insert into Airport(Airport_ID,AirportName,AirportCity,AirportCountry) 
values (9,'OHare International Airport','Chicago','USA');
Insert into Airport(Airport_ID,AirportName,AirportCity,AirportCountry) 
values (10,'Hartsfield–Jackson Atlanta International Airport','Atlanta','USA');

--select * from Airport

-- INSERT VALUES INTO Flight_Service
Insert into Flight_Service(Service_ID,[Service_Name]) values (1,'Food');
Insert into Flight_Service(Service_ID,[Service_Name]) values (2,'Wifi');
Insert into Flight_Service(Service_ID,[Service_Name]) values (3,'Entertainment');
Insert into Flight_Service(Service_ID,[Service_Name]) values (4,'Lounge');
Insert into Flight_Service(Service_ID,[Service_Name]) values (5,'French Wine')

--select * from Flight_Service

-- INSERT VALUES INTO Travel Class
Insert into Travel_Class(Travel_Class_ID,Travel_Class_Name,Travel_Class_Capacity) values (1,'First Class',5);
Insert into Travel_Class(Travel_Class_ID,Travel_Class_Name,Travel_Class_Capacity) values (2,'Business Class',5);
Insert into Travel_Class(Travel_Class_ID,Travel_Class_Name,Travel_Class_Capacity) values (3,'Premium Economy',10);
Insert into Travel_Class(Travel_Class_ID,Travel_Class_Name,Travel_Class_Capacity) values (4,'Economy Class',10);
Insert into Travel_Class(Travel_Class_ID,Travel_Class_Name,Travel_Class_Capacity) values (5,'Basic Economy',20);

--select * from Travel_Class 

-- INSERT VALUES INTO FLIGHT DETAILS

Insert into Flight_Details(Flight_ID,Source_Airport_ID,Destination_Airport_ID,Departure_Date_Time,Arrival_Date_Time,Airplane_Type)
values (100,1,2,'2022-12-11 07:14:00','2022-12-12 17:14:00','Airbus A380')
Insert into Flight_Details(Flight_ID,Source_Airport_ID,Destination_Airport_ID,Departure_Date_Time,Arrival_Date_Time,Airplane_Type)
values (101,1,3,'2022-12-13 17:30:00','2022-12-14 12:14:00','Airbus A380')
Insert into Flight_Details(Flight_ID,Source_Airport_ID,Destination_Airport_ID,Departure_Date_Time,Arrival_Date_Time,Airplane_Type)
values (102,1,4,'2022-12-12 09:30:00','2022-12-13 12:14:00','Boeing 747')
Insert into Flight_Details(Flight_ID,Source_Airport_ID,Destination_Airport_ID,Departure_Date_Time,Arrival_Date_Time,Airplane_Type)
values (103,2,3,'2022-12-12 09:30:00','2022-12-13 12:14:00','Boeing 747')
Insert into Flight_Details(Flight_ID,Source_Airport_ID,Destination_Airport_ID,Departure_Date_Time,Arrival_Date_Time,Airplane_Type)
values (104,1,4,'2022-12-12 09:30:00','2022-12-14 12:14:00','Boeing 747')
Insert into Flight_Details(Flight_ID,Source_Airport_ID,Destination_Airport_ID,Departure_Date_Time,Arrival_Date_Time,Airplane_Type)
values (105,3,2,'2022-12-18 07:14:00','2022-12-19 17:14:00','Airbus A380')
Insert into Flight_Details(Flight_ID,Source_Airport_ID,Destination_Airport_ID,Departure_Date_Time,Arrival_Date_Time,Airplane_Type)
values (106,3,4,'2022-12-23 17:30:00','2022-12-24 12:14:00','Airbus A380')
Insert into Flight_Details(Flight_ID,Source_Airport_ID,Destination_Airport_ID,Departure_Date_Time,Arrival_Date_Time,Airplane_Type)
values (107,5,4,'2022-12-12 09:30:00','2022-12-13 12:14:00','Boeing 747')
Insert into Flight_Details(Flight_ID,Source_Airport_ID,Destination_Airport_ID,Departure_Date_Time,Arrival_Date_Time,Airplane_Type)
values (108,2,3,'2022-12-12 09:30:00','2022-12-13 12:14:00','Boeing 747')
Insert into Flight_Details(Flight_ID,Source_Airport_ID,Destination_Airport_ID,Departure_Date_Time,Arrival_Date_Time,Airplane_Type)
values (200,1,5,'2022-12-12 09:30:00','2022-12-14 12:14:00','Boeing 747')
Insert into Flight_Details(Flight_ID,Source_Airport_ID,Destination_Airport_ID,Departure_Date_Time,Arrival_Date_Time,Airplane_Type)
values (201,1,6,'2022-12-12 09:30:00','2022-12-14 12:14:00','Boeing 747')
Insert into Flight_Details(Flight_ID,Source_Airport_ID,Destination_Airport_ID,Departure_Date_Time,Arrival_Date_Time,Airplane_Type)
values (202,1,7,'2022-12-12 09:30:00','2022-12-14 12:14:00','Boeing 747')
Insert into Flight_Details(Flight_ID,Source_Airport_ID,Destination_Airport_ID,Departure_Date_Time,Arrival_Date_Time,Airplane_Type)
values (203,1,8,'2022-12-12 09:30:00','2022-12-14 12:14:00','Boeing 747')
Insert into Flight_Details(Flight_ID,Source_Airport_ID,Destination_Airport_ID,Departure_Date_Time,Arrival_Date_Time,Airplane_Type)
values (204,1,9,'2022-12-12 09:30:00','2022-12-14 12:14:00','Boeing 747')
Insert into Flight_Details(Flight_ID,Source_Airport_ID,Destination_Airport_ID,Departure_Date_Time,Arrival_Date_Time,Airplane_Type)
values (205,1,10,'2022-12-12 09:30:00','2022-12-14 12:14:00','Boeing 747')
Insert into Flight_Details(Flight_ID,Source_Airport_ID,Destination_Airport_ID,Departure_Date_Time,Arrival_Date_Time,Airplane_Type)
values (109,2,1,'2022-12-12 09:30:00','2022-12-14 12:14:00','Boeing 747')
Insert into Flight_Details(Flight_ID,Source_Airport_ID,Destination_Airport_ID,Departure_Date_Time,Arrival_Date_Time,Airplane_Type)
VALUES (206 ,	10,	4,  '2023-01-16 12:30:12.000'  ,'2023-01-18 02:30:12.000' ,'Boeing 747'  )
Insert into Flight_Details(Flight_ID,Source_Airport_ID,Destination_Airport_ID,Departure_Date_Time,Arrival_Date_Time,Airplane_Type)
VALUES (207 ,	4,	10, '2023-01-23 15:10:00.000'  ,'2023-01-24 19:10:00.000' ,'Airbus A380' )
Insert into Flight_Details(Flight_ID,Source_Airport_ID,Destination_Airport_ID,Departure_Date_Time,Arrival_Date_Time,Airplane_Type)
VALUES (208 ,	3,	6,  '2023-02-26 09:44:00.000'  ,'2023-02-28 22:35:00.000' ,'Boeing 747'  )
Insert into Flight_Details(Flight_ID,Source_Airport_ID,Destination_Airport_ID,Departure_Date_Time,Arrival_Date_Time,Airplane_Type)
VALUES (209 ,	5,	3,  '2023-04-18 10:30:00.000'  ,'2023-04-20 10:30:00.000' ,'Airbus A380' )
Insert into Flight_Details(Flight_ID,Source_Airport_ID,Destination_Airport_ID,Departure_Date_Time,Arrival_Date_Time,Airplane_Type)
VALUES (210 ,	4,	8,  '2023-02-12 11:40:00.000'  ,'2023-02-13 11:40:00.000' ,'Airbus A380' )
Insert into Flight_Details(Flight_ID,Source_Airport_ID,Destination_Airport_ID,Departure_Date_Time,Arrival_Date_Time,Airplane_Type)
VALUES (211 ,	7,	3,  '2023-04-05 18:10:00.000'  ,'2023-04-07 18:10:00.000' ,'Airbus A380' )
Insert into Flight_Details(Flight_ID,Source_Airport_ID,Destination_Airport_ID,Departure_Date_Time,Arrival_Date_Time,Airplane_Type)
VALUES (212 ,	3,	10, '2023-04-12 11:30:00.000'  ,'2023-04-13 11:30:00.000' ,'Boeing 747'  )
Insert into Flight_Details(Flight_ID,Source_Airport_ID,Destination_Airport_ID,Departure_Date_Time,Arrival_Date_Time,Airplane_Type)
VALUES (213 , 4,	6,  '2023-03-18 15:30:00.000'  ,'2023-03-19 15:30:00.000' ,'Airbus A380' )
Insert into Flight_Details(Flight_ID,Source_Airport_ID,Destination_Airport_ID,Departure_Date_Time,Arrival_Date_Time,Airplane_Type)
VALUES (214 , 10, 7,   '2023-03-28 10:30:00.000'  ,'2023-03-30 10:30:00.000' ,'Boeing 747'  )
Insert into Flight_Details(Flight_ID,Source_Airport_ID,Destination_Airport_ID,Departure_Date_Time,Arrival_Date_Time,Airplane_Type)
VALUES (215 , 6,	1,  '2023-04-20 02:15:00.000'  ,'2023-04-21 22:15:00.000' ,'Airbus A380' )
Insert into Flight_Details(Flight_ID,Source_Airport_ID,Destination_Airport_ID,Departure_Date_Time,Arrival_Date_Time,Airplane_Type)
VALUES (216 , 3, 5  ,  '2023-04-08 05:50:00.000'  ,'2023-04-10 00:50:00.000' ,'Airbus A380' )
Insert into Flight_Details(Flight_ID,Source_Airport_ID,Destination_Airport_ID,Departure_Date_Time,Arrival_Date_Time,Airplane_Type)
VALUES (217 , 5, 2  ,  '2023-05-04 13:40:00.000'  ,'2023-05-06 00:40:00.000' ,'Boeing 747'  )
Insert into Flight_Details(Flight_ID,Source_Airport_ID,Destination_Airport_ID,Departure_Date_Time,Arrival_Date_Time,Airplane_Type)
VALUES (218 , 10,1  ,  '2023-05-09 12:30:00.000'  ,'2023-05-11 09:30:00.000' ,'Airbus A380' )
Insert into Flight_Details(Flight_ID,Source_Airport_ID,Destination_Airport_ID,Departure_Date_Time,Arrival_Date_Time,Airplane_Type)
VALUES (219 , 8, 4  ,  '2023-05-01 22:45:00.000'  ,'2023-05-03 02:45:00.000' ,'Boeing 747'  )
Insert into Flight_Details(Flight_ID,Source_Airport_ID,Destination_Airport_ID,Departure_Date_Time,Arrival_Date_Time,Airplane_Type)
VALUES (220 , 6, 10 ,  '2023-04-28 22:30:00.000'  ,'2023-04-30 11:30:00.000' ,'Airbus A380' )
Insert into Flight_Details(Flight_ID,Source_Airport_ID,Destination_Airport_ID,Departure_Date_Time,Arrival_Date_Time,Airplane_Type)
VALUES (221 , 3, 7  ,  '2023-03-02 23:50:00.000'  ,'2023-03-04 03:50:00.000' ,'Boeing 747'  )
Insert into Flight_Details(Flight_ID,Source_Airport_ID,Destination_Airport_ID,Departure_Date_Time,Arrival_Date_Time,Airplane_Type)
VALUES (222 , 10, 5 ,  '2023-03-14 20:25:00.000'  ,'2023-03-15 22:25:00.000' ,'Airbus A380' )
Insert into Flight_Details(Flight_ID,Source_Airport_ID,Destination_Airport_ID,Departure_Date_Time,Arrival_Date_Time,Airplane_Type)
VALUES (223 , 7, 4  ,  '2023-02-27 08:10:00.000'  ,'2023-02-28 08:10:00.000' ,'Boeing 747'  )
Insert into Flight_Details(Flight_ID,Source_Airport_ID,Destination_Airport_ID,Departure_Date_Time,Arrival_Date_Time,Airplane_Type)
VALUES (224 , 3, 10 ,  '2023-02-18 10:30:00.000'  ,'2023-02-20 10:30:00.000' ,'Airbus A380' )
Insert into Flight_Details(Flight_ID,Source_Airport_ID,Destination_Airport_ID,Departure_Date_Time,Arrival_Date_Time,Airplane_Type)
VALUES (225 , 9, 8  ,  '2023-05-11 19:20:00.000'  ,'2023-05-13 01:20:00.000' ,'Boeing 747'  )
Insert into Flight_Details(Flight_ID,Source_Airport_ID,Destination_Airport_ID,Departure_Date_Time,Arrival_Date_Time,Airplane_Type)
VALUES (226 , 4, 9  ,  '2023-05-19 11:40:00.000'  ,'2023-05-20 11:40:00.000' ,'Airbus A380' )
Insert into Flight_Details(Flight_ID,Source_Airport_ID,Destination_Airport_ID,Departure_Date_Time,Arrival_Date_Time,Airplane_Type)
VALUES (227 , 8, 2  ,  '2023-05-12 23:10:00.000'  ,'2023-05-13 13:10:00.000' ,'Boeing 747'  )
Insert into Flight_Details(Flight_ID,Source_Airport_ID,Destination_Airport_ID,Departure_Date_Time,Arrival_Date_Time,Airplane_Type)
VALUES (228 , 3, 8  ,  '2023-05-05 16:29:00.000'  ,'2023-05-07 02:29:00.000' ,'Airbus A380' )
Insert into Flight_Details(Flight_ID,Source_Airport_ID,Destination_Airport_ID,Departure_Date_Time,Arrival_Date_Time,Airplane_Type)
VALUES (229 , 9, 3  ,  '2023-06-12 11:40:00.000'  ,'2023-06-12 22:40:00.000' ,'Boeing 747'  )
Insert into Flight_Details(Flight_ID,Source_Airport_ID,Destination_Airport_ID,Departure_Date_Time,Arrival_Date_Time,Airplane_Type)
VALUES (230 , 7, 5  ,  '2023-06-20 02:15:00.000'  ,'2023-06-21 22:15:00.000' ,'Boeing 747'  )
Insert into Flight_Details(Flight_ID,Source_Airport_ID,Destination_Airport_ID,Departure_Date_Time,Arrival_Date_Time,Airplane_Type)
VALUES (231 , 9, 4  ,  '2023-06-08 05:50:00.000'  ,'2023-06-09 23:50:00.000' ,'Airbus A380' )
Insert into Flight_Details(Flight_ID,Source_Airport_ID,Destination_Airport_ID,Departure_Date_Time,Arrival_Date_Time,Airplane_Type)
VALUES (232 , 5, 1  ,  '2023-06-28 22:30:00.000'  ,'2023-06-30 01:30:00.000' ,'Boeing 747'  )
Insert into Flight_Details(Flight_ID,Source_Airport_ID,Destination_Airport_ID,Departure_Date_Time,Arrival_Date_Time,Airplane_Type)
VALUES (233 , 6, 2  ,  '2023-06-02 23:50:00.000'  ,'2023-06-04 08:50:00.000' ,'Airbus A380' )
Insert into Flight_Details(Flight_ID,Source_Airport_ID,Destination_Airport_ID,Departure_Date_Time,Arrival_Date_Time,Airplane_Type)
VALUES (234 , 3, 9  ,  '2023-06-14 20:25:00.000'  ,'2023-06-15 14:25:00.000' ,'Boeing 747'  )
Insert into Flight_Details(Flight_ID,Source_Airport_ID,Destination_Airport_ID,Departure_Date_Time,Arrival_Date_Time,Airplane_Type)
VALUES (235 , 8, 10 ,  '2023-06-27 08:10:00.000'  ,'2023-06-29 02:10:00.000' ,'Airbus A380' )
Insert into Flight_Details(Flight_ID,Source_Airport_ID,Destination_Airport_ID,Departure_Date_Time,Arrival_Date_Time,Airplane_Type)
VALUES (236 , 7, 8  ,  '2023-05-30 13:40:00.000'  ,'2023-05-31 22:10:00.000' ,'Airbus A380' )
Insert into Flight_Details(Flight_ID,Source_Airport_ID,Destination_Airport_ID,Departure_Date_Time,Arrival_Date_Time,Airplane_Type)
VALUES (237 , 6, 4  ,  '2023-06-010 12:30:00.000' ,'2023-06-12 22:30:00.000' ,'Boeing 747'  )
Insert into Flight_Details(Flight_ID,Source_Airport_ID,Destination_Airport_ID,Departure_Date_Time,Arrival_Date_Time,Airplane_Type)
VALUES (238 , 5, 10 ,  '2023-06-01 22:45:00.000'  ,'2023-06-03 12:45:00.000' ,'Boeing 747'  )
Insert into Flight_Details(Flight_ID,Source_Airport_ID,Destination_Airport_ID,Departure_Date_Time,Arrival_Date_Time,Airplane_Type)
VALUES (239 , 5, 8 ,  '2023-03-01 22:45:00.000'  ,'2023-06-03 12:45:00.000' ,'Airbus A380'  )


--select * from Flight_Details

-- INSERT VALUES INTO PASSENGER 
Insert into Passenger(Passenger_ID,P_FirstName,P_LastName,P_Email,P_PhoneNumber,P_Address,P_City,P_State,P_Zipcode,P_Country)
values (1,'Pranali','Sawant','pranalisawant@gmail.com', 8576928003, '75 Saint Alphonsus Street Jvue Apt 822', 'Boston', 'MA', 20120 , 'USA');
Insert into Passenger(Passenger_ID,P_FirstName,P_LastName,P_Email,P_PhoneNumber,P_Address,P_City,P_State,P_Zipcode,P_Country)
values (2,'Himanshu','Talele','himanshu@gmail.com', 4155096995, '1620 Westland Avenue Apt 25', 'San Francisco', 'California', 94130 , 'USA');
Insert into Passenger(Passenger_ID,P_FirstName,P_LastName,P_Email,P_PhoneNumber,P_Address,P_City,P_State,P_Zipcode,P_Country)
values (3,'Abhishek','Manjunath','abhishekm@gmail.com', 5125550187, '811 Huntington Ave', 'Austin', 'Texas', 73301 , 'USA');
Insert into Passenger(Passenger_ID,P_FirstName,P_LastName,P_Email,P_PhoneNumber,P_Address,P_City,P_State,P_Zipcode,P_Country)
values (4,'Payal','Pawar','payalpawar@gmail.com', 8576928005, '1620 Longwood Apt 17 ', 'Boston', 'MA', 20115 , 'USA');
Insert into Passenger(Passenger_ID,P_FirstName,P_LastName,P_Email,P_PhoneNumber,P_Address,P_City,P_State,P_Zipcode,P_Country)
values (5,'Shruti','Shinde','shrutis11@gmail.com', 8576928009, '15 taylor street Apt 1', 'Cambridge', 'MA', 20138 , 'USA');
Insert into Passenger(Passenger_ID,P_FirstName,P_LastName,P_Email,P_PhoneNumber,P_Address,P_City,P_State,P_Zipcode,P_Country)
values (6,'Shriya','Pandita','shriyap@gmail.com', 3603294346, '132 Meadow Lane', 'Seattle', 'Washington', 20855 , 'USA');
Insert into Passenger(Passenger_ID,P_FirstName,P_LastName,P_Email,P_PhoneNumber,P_Address,P_City,P_State,P_Zipcode,P_Country)
values (7,'Riddhi','Vora','vorariddhi@gmail.com', 4356118001, '1056 Front Street', 'Salt Lake City', 'Utah', 84011 , 'USA');
Insert into Passenger(Passenger_ID,P_FirstName,P_LastName,P_Email,P_PhoneNumber,P_Address,P_City,P_State,P_Zipcode,P_Country)
values (8,'Ashley','Benson','bashley@gmail.com', 5627897655, '2000 Hillview Street', 'Long Beach', 'California', 20740 , 'USA');
Insert into Passenger(Passenger_ID,P_FirstName,P_LastName,P_Email,P_PhoneNumber,P_Address,P_City,P_State,P_Zipcode,P_Country)
values (9,'James','Anderson','James@gmail.com', 2246928005, '50 Kingston Ave Apt 08', 'Chicago', 'Illinois', 29807 , 'USA');
Insert into Passenger(Passenger_ID,P_FirstName,P_LastName,P_Email,P_PhoneNumber,P_Address,P_City,P_State,P_Zipcode,P_Country)
values (10,'Emma','Wilson','emmawilson35@gmail.com', 8576998005, '169 Saint Peters Street', 'Dallas', 'Texas', 20119 , 'USA');

--INSERT INTO CALENDAR
--EXTRA INSERTS
INSERT INTO Calendar (Day_Date,Business_Day_YN) VALUES ('2022-11-01','Y')
INSERT INTO Calendar (Day_Date,Business_Day_YN) VALUES ('2022-11-02','Y')
INSERT INTO Calendar (Day_Date,Business_Day_YN) VALUES ('2022-11-03','N')
INSERT INTO Calendar (Day_Date,Business_Day_YN) VALUES ('2022-11-04','Y')
INSERT INTO Calendar (Day_Date,Business_Day_YN) VALUES ('2022-11-05','N')
INSERT INTO Calendar (Day_Date,Business_Day_YN) VALUES ('2022-11-06','Y')
INSERT INTO Calendar (Day_Date,Business_Day_YN) VALUES ('2022-11-07','N')
INSERT INTO Calendar (Day_Date,Business_Day_YN) VALUES ('2022-11-08','Y')
INSERT INTO Calendar (Day_Date,Business_Day_YN) VALUES ('2022-11-09','N')
INSERT INTO Calendar (Day_Date,Business_Day_YN) VALUES ('2022-11-10','Y')
INSERT INTO Calendar (Day_Date,Business_Day_YN) VALUES ('2022-11-11','N')
INSERT INTO Calendar (Day_Date,Business_Day_YN) VALUES ('2022-11-12','N')
INSERT INTO Calendar (Day_Date,Business_Day_YN) VALUES ('2022-11-13','Y')
INSERT INTO Calendar (Day_Date,Business_Day_YN) VALUES ('2022-11-14','N')
INSERT INTO Calendar (Day_Date,Business_Day_YN) VALUES ('2022-11-15','Y')
INSERT INTO Calendar (Day_Date,Business_Day_YN) VALUES ('2022-11-16','Y')
INSERT INTO Calendar (Day_Date,Business_Day_YN) VALUES ('2022-11-17','N')
INSERT INTO Calendar (Day_Date,Business_Day_YN) VALUES ('2022-11-18','N')
INSERT INTO Calendar (Day_Date,Business_Day_YN) VALUES ('2022-11-19','Y')
INSERT INTO Calendar (Day_Date,Business_Day_YN) VALUES ('2022-11-20','N')
INSERT INTO Calendar (Day_Date,Business_Day_YN) VALUES ('2022-11-21','N')
INSERT INTO Calendar (Day_Date,Business_Day_YN) VALUES ('2022-11-22','Y')
INSERT INTO Calendar (Day_Date,Business_Day_YN) VALUES ('2022-11-23','N')
---

INSERT INTO Calendar (Day_Date,Business_Day_YN) VALUES ('2022-11-24','Y')
INSERT INTO Calendar (Day_Date,Business_Day_YN) VALUES ('2022-11-25','Y')
INSERT INTO Calendar (Day_Date,Business_Day_YN) VALUES ('2022-11-26','Y')
INSERT INTO Calendar (Day_Date,Business_Day_YN) VALUES ('2022-11-27','N')
INSERT INTO Calendar (Day_Date,Business_Day_YN) VALUES ('2022-11-28','Y')
INSERT INTO Calendar (Day_Date,Business_Day_YN) VALUES ('2022-11-29','Y')
INSERT INTO Calendar (Day_Date,Business_Day_YN) VALUES ('2022-11-30','Y')
INSERT INTO Calendar (Day_Date,Business_Day_YN) VALUES ('2022-12-01','N')
INSERT INTO Calendar (Day_Date,Business_Day_YN) VALUES ('2022-12-02','Y')
INSERT INTO Calendar (Day_Date,Business_Day_YN) VALUES ('2022-12-03','Y')
INSERT INTO Calendar (Day_Date,Business_Day_YN) VALUES ('2022-12-04','Y')
INSERT INTO Calendar (Day_Date,Business_Day_YN) VALUES ('2022-12-05','Y')
INSERT INTO Calendar (Day_Date,Business_Day_YN) VALUES ('2022-12-06','N')
INSERT INTO Calendar (Day_Date,Business_Day_YN) VALUES ('2022-12-07','Y')
INSERT INTO Calendar (Day_Date,Business_Day_YN) VALUES ('2022-12-08','Y')
INSERT INTO Calendar (Day_Date,Business_Day_YN) VALUES ('2022-12-09','N')
INSERT INTO Calendar (Day_Date,Business_Day_YN) VALUES ('2022-12-10','Y')
INSERT INTO Calendar (Day_Date,Business_Day_YN) VALUES ('2022-12-11','Y')
INSERT INTO Calendar (Day_Date,Business_Day_YN) VALUES ('2022-12-12','N')
INSERT INTO Calendar (Day_Date,Business_Day_YN) VALUES ('2022-12-13','Y')
INSERT INTO Calendar (Day_Date,Business_Day_YN) VALUES ('2022-12-14','Y')
INSERT INTO Calendar (Day_Date,Business_Day_YN) VALUES ('2022-12-15','N')
INSERT INTO Calendar (Day_Date,Business_Day_YN) VALUES ('2022-12-16','Y')
INSERT INTO Calendar (Day_Date,Business_Day_YN) VALUES ('2022-12-17','Y')
INSERT INTO Calendar (Day_Date,Business_Day_YN) VALUES ('2022-12-18','N')
INSERT INTO Calendar (Day_Date,Business_Day_YN) VALUES ('2022-12-19','Y')
INSERT INTO Calendar (Day_Date,Business_Day_YN) VALUES ('2022-12-20','Y')
INSERT INTO Calendar (Day_Date,Business_Day_YN) VALUES ('2022-12-21','N')
INSERT INTO Calendar (Day_Date,Business_Day_YN) VALUES ('2022-12-22','Y')
INSERT INTO Calendar (Day_Date,Business_Day_YN) VALUES ('2022-12-23','Y')
INSERT INTO Calendar (Day_Date,Business_Day_YN) VALUES ('2022-12-24','Y')
INSERT INTO Calendar (Day_Date,Business_Day_YN) VALUES ('2022-12-25','Y')
INSERT INTO Calendar (Day_Date,Business_Day_YN) VALUES ('2022-12-26','N')
INSERT INTO Calendar (Day_Date,Business_Day_YN) VALUES ('2022-12-27','Y')
INSERT INTO Calendar (Day_Date,Business_Day_YN) VALUES ('2022-12-28','Y')
INSERT INTO Calendar (Day_Date,Business_Day_YN) VALUES ('2022-12-29','Y')
INSERT INTO Calendar (Day_Date,Business_Day_YN) VALUES ('2022-12-30','Y')
INSERT INTO Calendar (Day_Date,Business_Day_YN) VALUES ('2022-12-31','N')
INSERT INTO Calendar (Day_Date,Business_Day_YN) VALUES ('2023-01-01','Y')
INSERT INTO Calendar (Day_Date,Business_Day_YN) VALUES ('2023-01-02','Y')
INSERT INTO Calendar (Day_Date,Business_Day_YN) VALUES ('2023-01-03','N')
INSERT INTO Calendar (Day_Date,Business_Day_YN) VALUES ('2023-01-04','Y')
INSERT INTO Calendar (Day_Date,Business_Day_YN) VALUES ('2023-01-05','N')
INSERT INTO Calendar (Day_Date,Business_Day_YN) VALUES ('2023-01-06','Y')
INSERT INTO Calendar (Day_Date,Business_Day_YN) VALUES ('2023-01-07','Y')
INSERT INTO Calendar (Day_Date,Business_Day_YN) VALUES ('2023-01-08','Y')
INSERT INTO Calendar (Day_Date,Business_Day_YN) VALUES ('2023-01-09','Y')
INSERT INTO Calendar (Day_Date,Business_Day_YN) VALUES ('2023-01-10','N')
INSERT INTO Calendar (Day_Date,Business_Day_YN) VALUES ('2023-01-11','Y')
INSERT INTO Calendar (Day_Date,Business_Day_YN) VALUES ('2023-01-12','Y')
INSERT INTO Calendar (Day_Date,Business_Day_YN) VALUES ('2023-01-13','Y')
INSERT INTO Calendar (Day_Date,Business_Day_YN) VALUES ('2023-01-14','N')
INSERT INTO Calendar (Day_Date,Business_Day_YN) VALUES ('2023-01-15','Y')
INSERT INTO Calendar (Day_Date,Business_Day_YN) VALUES ('2023-01-16','Y')
INSERT INTO Calendar (Day_Date,Business_Day_YN) VALUES ('2023-01-17','Y')
INSERT INTO Calendar (Day_Date,Business_Day_YN) VALUES ('2023-01-18','Y')
INSERT INTO Calendar (Day_Date,Business_Day_YN) VALUES ('2023-01-19','Y')
INSERT INTO Calendar (Day_Date,Business_Day_YN) VALUES ('2023-01-20','Y')
INSERT INTO Calendar (Day_Date,Business_Day_YN) VALUES ('2023-01-21','N')
INSERT INTO Calendar (Day_Date,Business_Day_YN) VALUES ('2023-01-22','Y')
INSERT INTO Calendar (Day_Date,Business_Day_YN) VALUES ('2023-01-23','Y')
INSERT INTO Calendar (Day_Date,Business_Day_YN) VALUES ('2023-01-24','Y')
INSERT INTO Calendar (Day_Date,Business_Day_YN) VALUES ('2023-01-25','N')
INSERT INTO Calendar (Day_Date,Business_Day_YN) VALUES ('2023-01-26','Y')
INSERT INTO Calendar (Day_Date,Business_Day_YN) VALUES ('2023-01-27','Y')
INSERT INTO Calendar (Day_Date,Business_Day_YN) VALUES ('2023-01-28','Y')
INSERT INTO Calendar (Day_Date,Business_Day_YN) VALUES ('2023-01-29','Y')
INSERT INTO Calendar (Day_Date,Business_Day_YN) VALUES ('2023-01-30','N')
INSERT INTO Calendar (Day_Date,Business_Day_YN) VALUES ('2023-01-31','Y')
INSERT INTO Calendar (Day_Date,Business_Day_YN) VALUES ('2023-02-01' , 'N')
INSERT INTO Calendar (Day_Date,Business_Day_YN) VALUES ('2023-02-02' , 'N')
INSERT INTO Calendar (Day_Date,Business_Day_YN) VALUES ('2023-02-03' , 'Y')
INSERT INTO Calendar (Day_Date,Business_Day_YN) VALUES ('2023-02-04' , 'N')
INSERT INTO Calendar (Day_Date,Business_Day_YN) VALUES ('2023-02-05' , 'Y')
INSERT INTO Calendar (Day_Date,Business_Day_YN) VALUES ('2023-02-06' , 'Y')
INSERT INTO Calendar (Day_Date,Business_Day_YN) VALUES ('2023-02-07' , 'Y')
INSERT INTO Calendar (Day_Date,Business_Day_YN) VALUES ('2023-02-08' , 'N')
INSERT INTO Calendar (Day_Date,Business_Day_YN) VALUES ('2023-02-09' , 'Y')
INSERT INTO Calendar (Day_Date,Business_Day_YN) VALUES ('2023-02-10' , 'N')
INSERT INTO Calendar (Day_Date,Business_Day_YN) VALUES ('2023-02-11' , 'Y')
INSERT INTO Calendar (Day_Date,Business_Day_YN) VALUES ('2023-02-12' , 'Y')
INSERT INTO Calendar (Day_Date,Business_Day_YN) VALUES ('2023-02-13' , 'Y')
INSERT INTO Calendar (Day_Date,Business_Day_YN) VALUES ('2023-02-14' , 'N')
INSERT INTO Calendar (Day_Date,Business_Day_YN) VALUES ('2023-02-15' , 'Y')
INSERT INTO Calendar (Day_Date,Business_Day_YN) VALUES ('2023-02-16' , 'N')
INSERT INTO Calendar (Day_Date,Business_Day_YN) VALUES ('2023-02-17' , 'Y')
INSERT INTO Calendar (Day_Date,Business_Day_YN) VALUES ('2023-02-18' , 'Y')
INSERT INTO Calendar (Day_Date,Business_Day_YN) VALUES ('2023-02-19' , 'Y')
INSERT INTO Calendar (Day_Date,Business_Day_YN) VALUES ('2023-02-20' , 'N')
INSERT INTO Calendar (Day_Date,Business_Day_YN) VALUES ('2023-02-21' , 'Y')
INSERT INTO Calendar (Day_Date,Business_Day_YN) VALUES ('2023-02-22' , 'Y')
INSERT INTO Calendar (Day_Date,Business_Day_YN) VALUES ('2023-02-23' , 'Y')
INSERT INTO Calendar (Day_Date,Business_Day_YN) VALUES ('2023-02-24' , 'N')
INSERT INTO Calendar (Day_Date,Business_Day_YN) VALUES ('2023-02-25' , 'Y')
INSERT INTO Calendar (Day_Date,Business_Day_YN) VALUES ('2023-02-26' , 'Y')
INSERT INTO Calendar (Day_Date,Business_Day_YN) VALUES ('2023-02-27' , 'Y')
INSERT INTO Calendar (Day_Date,Business_Day_YN) VALUES ('2023-02-28' , 'N')
INSERT INTO Calendar (Day_Date,Business_Day_YN) VALUES ('2023-03-01' , 'Y')
INSERT INTO Calendar (Day_Date,Business_Day_YN) VALUES ('2023-03-02' , 'Y')
INSERT INTO Calendar (Day_Date,Business_Day_YN) VALUES ('2023-03-03' , 'N')
INSERT INTO Calendar (Day_Date,Business_Day_YN) VALUES ('2023-03-04' , 'Y')
INSERT INTO Calendar (Day_Date,Business_Day_YN) VALUES ('2023-03-05' , 'N')
INSERT INTO Calendar (Day_Date,Business_Day_YN) VALUES ('2023-03-06' , 'Y')
INSERT INTO Calendar (Day_Date,Business_Day_YN) VALUES ('2023-03-07' , 'Y')
INSERT INTO Calendar (Day_Date,Business_Day_YN) VALUES ('2023-03-08' , 'Y')
INSERT INTO Calendar (Day_Date,Business_Day_YN) VALUES ('2023-03-09' , 'Y')
INSERT INTO Calendar (Day_Date,Business_Day_YN) VALUES ('2023-03-10' , 'Y')
INSERT INTO Calendar (Day_Date,Business_Day_YN) VALUES ('2023-03-11' , 'Y')
INSERT INTO Calendar (Day_Date,Business_Day_YN) VALUES ('2023-03-12' , 'Y')
INSERT INTO Calendar (Day_Date,Business_Day_YN) VALUES ('2023-03-13' , 'N')
INSERT INTO Calendar (Day_Date,Business_Day_YN) VALUES ('2023-03-14' , 'Y')
INSERT INTO Calendar (Day_Date,Business_Day_YN) VALUES ('2023-03-15' , 'Y')
INSERT INTO Calendar (Day_Date,Business_Day_YN) VALUES ('2023-03-16' , 'Y')
INSERT INTO Calendar (Day_Date,Business_Day_YN) VALUES ('2023-03-17' , 'Y')
INSERT INTO Calendar (Day_Date,Business_Day_YN) VALUES ('2023-03-18' , 'Y')
INSERT INTO Calendar (Day_Date,Business_Day_YN) VALUES ('2023-03-19' , 'Y')
INSERT INTO Calendar (Day_Date,Business_Day_YN) VALUES ('2023-03-20' , 'Y')
INSERT INTO Calendar (Day_Date,Business_Day_YN) VALUES ('2023-03-21' , 'Y')
INSERT INTO Calendar (Day_Date,Business_Day_YN) VALUES ('2023-03-22' , 'Y')
INSERT INTO Calendar (Day_Date,Business_Day_YN) VALUES ('2023-03-23' , 'Y')
INSERT INTO Calendar (Day_Date,Business_Day_YN) VALUES ('2023-03-24' , 'Y')
INSERT INTO Calendar (Day_Date,Business_Day_YN) VALUES ('2023-03-25' , 'Y')
INSERT INTO Calendar (Day_Date,Business_Day_YN) VALUES ('2023-03-26' , 'Y')
INSERT INTO Calendar (Day_Date,Business_Day_YN) VALUES ('2023-03-27' , 'Y')
INSERT INTO Calendar (Day_Date,Business_Day_YN) VALUES ('2023-03-28' , 'Y')
INSERT INTO Calendar (Day_Date,Business_Day_YN) VALUES ('2023-03-29' , 'Y')
INSERT INTO Calendar (Day_Date,Business_Day_YN) VALUES ('2023-03-30' , 'Y')
INSERT INTO Calendar (Day_Date,Business_Day_YN) VALUES ('2023-03-31' , 'Y')
INSERT INTO Calendar (Day_Date,Business_Day_YN) VALUES ('2023-04-01' , 'Y')
INSERT INTO Calendar (Day_Date,Business_Day_YN) VALUES ('2023-04-02' , 'Y')
INSERT INTO Calendar (Day_Date,Business_Day_YN) VALUES ('2023-04-03' , 'Y')
INSERT INTO Calendar (Day_Date,Business_Day_YN) VALUES ('2023-04-04' , 'Y')
INSERT INTO Calendar (Day_Date,Business_Day_YN) VALUES ('2023-04-05' , 'Y')
INSERT INTO Calendar (Day_Date,Business_Day_YN) VALUES ('2023-04-06' , 'Y')
INSERT INTO Calendar (Day_Date,Business_Day_YN) VALUES ('2023-04-07' , 'Y')
INSERT INTO Calendar (Day_Date,Business_Day_YN) VALUES ('2023-04-08' , 'N')
INSERT INTO Calendar (Day_Date,Business_Day_YN) VALUES ('2023-04-09' , 'Y')
INSERT INTO Calendar (Day_Date,Business_Day_YN) VALUES ('2023-04-10' , 'N')
INSERT INTO Calendar (Day_Date,Business_Day_YN) VALUES ('2023-04-11' , 'Y')
INSERT INTO Calendar (Day_Date,Business_Day_YN) VALUES ('2023-04-12' , 'N')
INSERT INTO Calendar (Day_Date,Business_Day_YN) VALUES ('2023-04-13' , 'Y')
INSERT INTO Calendar (Day_Date,Business_Day_YN) VALUES ('2023-04-14' , 'Y')
INSERT INTO Calendar (Day_Date,Business_Day_YN) VALUES ('2023-04-15' , 'N')
INSERT INTO Calendar (Day_Date,Business_Day_YN) VALUES ('2023-04-16' , 'Y')
INSERT INTO Calendar (Day_Date,Business_Day_YN) VALUES ('2023-04-17' , 'Y')
INSERT INTO Calendar (Day_Date,Business_Day_YN) VALUES ('2023-04-18' , 'Y')
INSERT INTO Calendar (Day_Date,Business_Day_YN) VALUES ('2023-04-19' , 'Y')
INSERT INTO Calendar (Day_Date,Business_Day_YN) VALUES ('2023-04-20' , 'N')
INSERT INTO Calendar (Day_Date,Business_Day_YN) VALUES ('2023-04-21' , 'Y')
INSERT INTO Calendar (Day_Date,Business_Day_YN) VALUES ('2023-04-22' , 'Y')
INSERT INTO Calendar (Day_Date,Business_Day_YN) VALUES ('2023-04-23' , 'N')
INSERT INTO Calendar (Day_Date,Business_Day_YN) VALUES ('2023-04-24' , 'Y')
INSERT INTO Calendar (Day_Date,Business_Day_YN) VALUES ('2023-04-25' , 'N')
INSERT INTO Calendar (Day_Date,Business_Day_YN) VALUES ('2023-04-26' , 'Y')
INSERT INTO Calendar (Day_Date,Business_Day_YN) VALUES ('2023-04-27' , 'Y')
INSERT INTO Calendar (Day_Date,Business_Day_YN) VALUES ('2023-04-28' , 'Y')
INSERT INTO Calendar (Day_Date,Business_Day_YN) VALUES ('2023-04-29' , 'N')
INSERT INTO Calendar (Day_Date,Business_Day_YN) VALUES ('2023-04-30' , 'Y')
INSERT INTO Calendar (Day_Date,Business_Day_YN) VALUES ('2023-05-01' , 'Y')
INSERT INTO Calendar (Day_Date,Business_Day_YN) VALUES ('2023-05-02' , 'N')
INSERT INTO Calendar (Day_Date,Business_Day_YN) VALUES ('2023-05-03' , 'Y')
INSERT INTO Calendar (Day_Date,Business_Day_YN) VALUES ('2023-05-04' , 'Y')
INSERT INTO Calendar (Day_Date,Business_Day_YN) VALUES ('2023-05-05' , 'N')
INSERT INTO Calendar (Day_Date,Business_Day_YN) VALUES ('2023-05-06' , 'Y')
INSERT INTO Calendar (Day_Date,Business_Day_YN) VALUES ('2023-05-07' , 'Y')
INSERT INTO Calendar (Day_Date,Business_Day_YN) VALUES ('2023-05-08' , 'Y')
INSERT INTO Calendar (Day_Date,Business_Day_YN) VALUES ('2023-05-09' , 'Y')
INSERT INTO Calendar (Day_Date,Business_Day_YN) VALUES ('2023-05-10' , 'Y')
INSERT INTO Calendar (Day_Date,Business_Day_YN) VALUES ('2023-05-11' , 'N')
INSERT INTO Calendar (Day_Date,Business_Day_YN) VALUES ('2023-05-12' , 'Y')
INSERT INTO Calendar (Day_Date,Business_Day_YN) VALUES ('2023-05-13' , 'Y')
INSERT INTO Calendar (Day_Date,Business_Day_YN) VALUES ('2023-05-14' , 'N')
INSERT INTO Calendar (Day_Date,Business_Day_YN) VALUES ('2023-05-15' , 'Y')
INSERT INTO Calendar (Day_Date,Business_Day_YN) VALUES ('2023-05-16' , 'N')
INSERT INTO Calendar (Day_Date,Business_Day_YN) VALUES ('2023-05-17' , 'Y')
INSERT INTO Calendar (Day_Date,Business_Day_YN) VALUES ('2023-05-18' , 'N')
INSERT INTO Calendar (Day_Date,Business_Day_YN) VALUES ('2023-05-19' , 'Y')
INSERT INTO Calendar (Day_Date,Business_Day_YN) VALUES ('2023-05-20' , 'Y')
INSERT INTO Calendar (Day_Date,Business_Day_YN) VALUES ('2023-05-21' , 'N')
INSERT INTO Calendar (Day_Date,Business_Day_YN) VALUES ('2023-05-22' , 'Y')
INSERT INTO Calendar (Day_Date,Business_Day_YN) VALUES ('2023-05-23' , 'Y')
INSERT INTO Calendar (Day_Date,Business_Day_YN) VALUES ('2023-05-24' , 'N')
INSERT INTO Calendar (Day_Date,Business_Day_YN) VALUES ('2023-05-25' , 'Y')
INSERT INTO Calendar (Day_Date,Business_Day_YN) VALUES ('2023-05-26' , 'Y')
INSERT INTO Calendar (Day_Date,Business_Day_YN) VALUES ('2023-05-27' , 'Y')
INSERT INTO Calendar (Day_Date,Business_Day_YN) VALUES ('2023-05-28' , 'Y')
INSERT INTO Calendar (Day_Date,Business_Day_YN) VALUES ('2023-05-29' , 'N')
INSERT INTO Calendar (Day_Date,Business_Day_YN) VALUES ('2023-05-30' , 'Y')
INSERT INTO Calendar (Day_Date,Business_Day_YN) VALUES ('2023-05-31' , 'Y')
INSERT INTO Calendar (Day_Date,Business_Day_YN) VALUES ('2023-06-01' , 'N')
INSERT INTO Calendar (Day_Date,Business_Day_YN) VALUES ('2023-06-02' , 'Y')
INSERT INTO Calendar (Day_Date,Business_Day_YN) VALUES ('2023-06-03' , 'Y')
INSERT INTO Calendar (Day_Date,Business_Day_YN) VALUES ('2023-06-04' , 'N')
INSERT INTO Calendar (Day_Date,Business_Day_YN) VALUES ('2023-06-05' , 'Y')
INSERT INTO Calendar (Day_Date,Business_Day_YN) VALUES ('2023-06-06' , 'Y')
INSERT INTO Calendar (Day_Date,Business_Day_YN) VALUES ('2023-06-07' , 'N')
INSERT INTO Calendar (Day_Date,Business_Day_YN) VALUES ('2023-06-08' , 'Y')
INSERT INTO Calendar (Day_Date,Business_Day_YN) VALUES ('2023-06-09' , 'N')
INSERT INTO Calendar (Day_Date,Business_Day_YN) VALUES ('2023-06-10' , 'Y')
INSERT INTO Calendar (Day_Date,Business_Day_YN) VALUES ('2023-06-11' , 'Y')
INSERT INTO Calendar (Day_Date,Business_Day_YN) VALUES ('2023-06-12' , 'N')
INSERT INTO Calendar (Day_Date,Business_Day_YN) VALUES ('2023-06-13' , 'Y')
INSERT INTO Calendar (Day_Date,Business_Day_YN) VALUES ('2023-06-14' , 'Y')
INSERT INTO Calendar (Day_Date,Business_Day_YN) VALUES ('2023-06-15' , 'Y')
INSERT INTO Calendar (Day_Date,Business_Day_YN) VALUES ('2023-06-16' , 'N')
INSERT INTO Calendar (Day_Date,Business_Day_YN) VALUES ('2023-06-17' , 'Y')
INSERT INTO Calendar (Day_Date,Business_Day_YN) VALUES ('2023-06-18' , 'Y')
INSERT INTO Calendar (Day_Date,Business_Day_YN) VALUES ('2023-06-19' , 'Y')
INSERT INTO Calendar (Day_Date,Business_Day_YN) VALUES ('2023-06-20' , 'N')
INSERT INTO Calendar (Day_Date,Business_Day_YN) VALUES ('2023-06-21' , 'Y')
INSERT INTO Calendar (Day_Date,Business_Day_YN) VALUES ('2023-06-22' , 'Y')
INSERT INTO Calendar (Day_Date,Business_Day_YN) VALUES ('2023-06-23' , 'Y')
INSERT INTO Calendar (Day_Date,Business_Day_YN) VALUES ('2023-06-24' , 'N')
INSERT INTO Calendar (Day_Date,Business_Day_YN) VALUES ('2023-06-25' , 'Y')
INSERT INTO Calendar (Day_Date,Business_Day_YN) VALUES ('2023-06-26' , 'Y')
INSERT INTO Calendar (Day_Date,Business_Day_YN) VALUES ('2023-06-27' , 'N')
INSERT INTO Calendar (Day_Date,Business_Day_YN) VALUES ('2023-06-28' , 'Y')
INSERT INTO Calendar (Day_Date,Business_Day_YN) VALUES ('2023-06-29' , 'N')
INSERT INTO Calendar (Day_Date,Business_Day_YN) VALUES ('2023-06-30' , 'Y')
INSERT INTO Calendar (Day_Date,Business_Day_YN) VALUES ('2023-07-01' , 'N')
INSERT INTO Calendar (Day_Date,Business_Day_YN) VALUES ('2023-07-02' , 'Y')
INSERT INTO Calendar (Day_Date,Business_Day_YN) VALUES ('2023-07-03' , 'Y')
INSERT INTO Calendar (Day_Date,Business_Day_YN) VALUES ('2023-07-04' , 'Y')
INSERT INTO Calendar (Day_Date,Business_Day_YN) VALUES ('2023-07-05' , 'N')
INSERT INTO Calendar (Day_Date,Business_Day_YN) VALUES ('2023-07-06' , 'Y')
INSERT INTO Calendar (Day_Date,Business_Day_YN) VALUES ('2023-07-07' , 'Y')
INSERT INTO Calendar (Day_Date,Business_Day_YN) VALUES ('2023-07-08' , 'N')
INSERT INTO Calendar (Day_Date,Business_Day_YN) VALUES ('2023-07-09' , 'Y')
INSERT INTO Calendar (Day_Date,Business_Day_YN) VALUES ('2023-07-10' , 'Y')
INSERT INTO Calendar (Day_Date,Business_Day_YN) VALUES ('2023-07-11' , 'N')
INSERT INTO Calendar (Day_Date,Business_Day_YN) VALUES ('2023-07-12' , 'Y')
INSERT INTO Calendar (Day_Date,Business_Day_YN) VALUES ('2023-07-13' , 'Y')
INSERT INTO Calendar (Day_Date,Business_Day_YN) VALUES ('2023-07-14' , 'N')
INSERT INTO Calendar (Day_Date,Business_Day_YN) VALUES ('2023-07-15' , 'Y')
INSERT INTO Calendar (Day_Date,Business_Day_YN) VALUES ('2023-07-16' , 'N')
INSERT INTO Calendar (Day_Date,Business_Day_YN) VALUES ('2023-07-17' , 'Y')
INSERT INTO Calendar (Day_Date,Business_Day_YN) VALUES ('2023-07-18' , 'Y')
INSERT INTO Calendar (Day_Date,Business_Day_YN) VALUES ('2023-07-19' , 'Y')
INSERT INTO Calendar (Day_Date,Business_Day_YN) VALUES ('2023-07-20' , 'Y')
INSERT INTO Calendar (Day_Date,Business_Day_YN) VALUES ('2023-07-21' , 'Y')
INSERT INTO Calendar (Day_Date,Business_Day_YN) VALUES ('2023-07-22' , 'N')
INSERT INTO Calendar (Day_Date,Business_Day_YN) VALUES ('2023-07-23' , 'Y')
INSERT INTO Calendar (Day_Date,Business_Day_YN) VALUES ('2023-07-24' , 'Y')
INSERT INTO Calendar (Day_Date,Business_Day_YN) VALUES ('2023-07-25' , 'Y')
INSERT INTO Calendar (Day_Date,Business_Day_YN) VALUES ('2023-07-26' , 'Y')
INSERT INTO Calendar (Day_Date,Business_Day_YN) VALUES ('2023-07-27' , 'Y')
INSERT INTO Calendar (Day_Date,Business_Day_YN) VALUES ('2023-07-28' , 'Y')
INSERT INTO Calendar (Day_Date,Business_Day_YN) VALUES ('2023-07-29' , 'Y')
INSERT INTO Calendar (Day_Date,Business_Day_YN) VALUES ('2023-07-30' , 'Y')
INSERT INTO Calendar (Day_Date,Business_Day_YN) VALUES ('2023-07-31' , 'N')
INSERT INTO Calendar (Day_Date,Business_Day_YN) VALUES ('2023-08-01' , 'Y')
INSERT INTO Calendar (Day_Date,Business_Day_YN) VALUES ('2023-08-02' , 'N')
INSERT INTO Calendar (Day_Date,Business_Day_YN) VALUES ('2023-08-03' , 'Y')
INSERT INTO Calendar (Day_Date,Business_Day_YN) VALUES ('2023-08-04' , 'N')
INSERT INTO Calendar (Day_Date,Business_Day_YN) VALUES ('2023-08-05' , 'Y')
INSERT INTO Calendar (Day_Date,Business_Day_YN) VALUES ('2023-08-06' , 'Y')
INSERT INTO Calendar (Day_Date,Business_Day_YN) VALUES ('2023-08-07' , 'Y')
INSERT INTO Calendar (Day_Date,Business_Day_YN) VALUES ('2023-08-08' , 'Y')
INSERT INTO Calendar (Day_Date,Business_Day_YN) VALUES ('2023-08-09' , 'N')
INSERT INTO Calendar (Day_Date,Business_Day_YN) VALUES ('2023-08-10' , 'Y')
INSERT INTO Calendar (Day_Date,Business_Day_YN) VALUES ('2023-08-11' , 'Y')
INSERT INTO Calendar (Day_Date,Business_Day_YN) VALUES ('2023-08-12' , 'N')
INSERT INTO Calendar (Day_Date,Business_Day_YN) VALUES ('2023-08-13' , 'Y')
INSERT INTO Calendar (Day_Date,Business_Day_YN) VALUES ('2023-08-14' , 'N')
INSERT INTO Calendar (Day_Date,Business_Day_YN) VALUES ('2023-08-15' , 'Y')
INSERT INTO Calendar (Day_Date,Business_Day_YN) VALUES ('2023-08-16' , 'Y')
INSERT INTO Calendar (Day_Date,Business_Day_YN) VALUES ('2023-08-17' , 'N')
INSERT INTO Calendar (Day_Date,Business_Day_YN) VALUES ('2023-08-18' , 'Y')
INSERT INTO Calendar (Day_Date,Business_Day_YN) VALUES ('2023-08-19' , 'Y')
INSERT INTO Calendar (Day_Date,Business_Day_YN) VALUES ('2023-08-20' , 'N')
INSERT INTO Calendar (Day_Date,Business_Day_YN) VALUES ('2023-08-21' , 'Y')
INSERT INTO Calendar (Day_Date,Business_Day_YN) VALUES ('2023-08-22' , 'Y')
INSERT INTO Calendar (Day_Date,Business_Day_YN) VALUES ('2023-08-23' , 'Y')
INSERT INTO Calendar (Day_Date,Business_Day_YN) VALUES ('2023-08-24' , 'Y')
INSERT INTO Calendar (Day_Date,Business_Day_YN) VALUES ('2023-08-25' , 'N')
INSERT INTO Calendar (Day_Date,Business_Day_YN) VALUES ('2023-08-26' , 'Y')
INSERT INTO Calendar (Day_Date,Business_Day_YN) VALUES ('2023-08-27' , 'Y')
INSERT INTO Calendar (Day_Date,Business_Day_YN) VALUES ('2023-08-28' , 'Y')
INSERT INTO Calendar (Day_Date,Business_Day_YN) VALUES ('2023-08-29' , 'N')
INSERT INTO Calendar (Day_Date,Business_Day_YN) VALUES ('2023-08-30' , 'Y')
INSERT INTO Calendar (Day_Date,Business_Day_YN) VALUES ('2023-08-31' , 'Y')
INSERT INTO Calendar (Day_Date,Business_Day_YN) VALUES ('2023-09-01' , 'Y')
INSERT INTO Calendar (Day_Date,Business_Day_YN) VALUES ('2023-09-02' , 'N')
INSERT INTO Calendar (Day_Date,Business_Day_YN) VALUES ('2023-09-03' , 'Y')
INSERT INTO Calendar (Day_Date,Business_Day_YN) VALUES ('2023-09-04' , 'Y')
INSERT INTO Calendar (Day_Date,Business_Day_YN) VALUES ('2023-09-05' , 'Y')
INSERT INTO Calendar (Day_Date,Business_Day_YN) VALUES ('2023-09-06' , 'Y')
INSERT INTO Calendar (Day_Date,Business_Day_YN) VALUES ('2023-09-07' , 'N')
INSERT INTO Calendar (Day_Date,Business_Day_YN) VALUES ('2023-09-08' , 'Y')
INSERT INTO Calendar (Day_Date,Business_Day_YN) VALUES ('2023-09-09' , 'Y')
INSERT INTO Calendar (Day_Date,Business_Day_YN) VALUES ('2023-09-10' , 'Y')
INSERT INTO Calendar (Day_Date,Business_Day_YN) VALUES ('2023-09-11' , 'N')
INSERT INTO Calendar (Day_Date,Business_Day_YN) VALUES ('2023-09-12' , 'Y')
INSERT INTO Calendar (Day_Date,Business_Day_YN) VALUES ('2023-09-13' , 'Y')
INSERT INTO Calendar (Day_Date,Business_Day_YN) VALUES ('2023-09-14' , 'Y')
INSERT INTO Calendar (Day_Date,Business_Day_YN) VALUES ('2023-09-15' , 'N')
INSERT INTO Calendar (Day_Date,Business_Day_YN) VALUES ('2023-09-16' , 'Y')
INSERT INTO Calendar (Day_Date,Business_Day_YN) VALUES ('2023-09-17' , 'N')
INSERT INTO Calendar (Day_Date,Business_Day_YN) VALUES ('2023-09-18' , 'Y')
INSERT INTO Calendar (Day_Date,Business_Day_YN) VALUES ('2023-09-19' , 'Y')
INSERT INTO Calendar (Day_Date,Business_Day_YN) VALUES ('2023-09-20' , 'N')
INSERT INTO Calendar (Day_Date,Business_Day_YN) VALUES ('2023-09-21' , 'Y')
INSERT INTO Calendar (Day_Date,Business_Day_YN) VALUES ('2023-09-22' , 'Y')
INSERT INTO Calendar (Day_Date,Business_Day_YN) VALUES ('2023-09-23' , 'N')
INSERT INTO Calendar (Day_Date,Business_Day_YN) VALUES ('2023-09-24' , 'Y')
INSERT INTO Calendar (Day_Date,Business_Day_YN) VALUES ('2023-09-25' , 'Y')
INSERT INTO Calendar (Day_Date,Business_Day_YN) VALUES ('2023-09-26' , 'Y')
INSERT INTO Calendar (Day_Date,Business_Day_YN) VALUES ('2023-09-27' , 'Y')
INSERT INTO Calendar (Day_Date,Business_Day_YN) VALUES ('2023-09-28' , 'Y')
INSERT INTO Calendar (Day_Date,Business_Day_YN) VALUES ('2023-09-29' , 'Y')
INSERT INTO Calendar (Day_Date,Business_Day_YN) VALUES ('2023-09-30' , 'Y')
INSERT INTO Calendar (Day_Date,Business_Day_YN) VALUES ('2023-10-01' , 'N')
INSERT INTO Calendar (Day_Date,Business_Day_YN) VALUES ('2023-10-02' , 'Y')
INSERT INTO Calendar (Day_Date,Business_Day_YN) VALUES ('2023-10-03' , 'Y')
INSERT INTO Calendar (Day_Date,Business_Day_YN) VALUES ('2023-10-04' , 'Y')
INSERT INTO Calendar (Day_Date,Business_Day_YN) VALUES ('2023-10-05' , 'N')
INSERT INTO Calendar (Day_Date,Business_Day_YN) VALUES ('2023-10-06' , 'Y')
INSERT INTO Calendar (Day_Date,Business_Day_YN) VALUES ('2023-10-07' , 'Y')
INSERT INTO Calendar (Day_Date,Business_Day_YN) VALUES ('2023-10-08' , 'Y')
INSERT INTO Calendar (Day_Date,Business_Day_YN) VALUES ('2023-10-09' , 'Y')
INSERT INTO Calendar (Day_Date,Business_Day_YN) VALUES ('2023-10-10' , 'Y')
INSERT INTO Calendar (Day_Date,Business_Day_YN) VALUES ('2023-10-11' , 'Y')
INSERT INTO Calendar (Day_Date,Business_Day_YN) VALUES ('2023-10-12' , 'Y')
INSERT INTO Calendar (Day_Date,Business_Day_YN) VALUES ('2023-10-13' , 'N')
INSERT INTO Calendar (Day_Date,Business_Day_YN) VALUES ('2023-10-14' , 'Y')
INSERT INTO Calendar (Day_Date,Business_Day_YN) VALUES ('2023-10-15' , 'Y')
INSERT INTO Calendar (Day_Date,Business_Day_YN) VALUES ('2023-10-16' , 'Y')
INSERT INTO Calendar (Day_Date,Business_Day_YN) VALUES ('2023-10-17' , 'Y')
INSERT INTO Calendar (Day_Date,Business_Day_YN) VALUES ('2023-10-18' , 'N')
INSERT INTO Calendar (Day_Date,Business_Day_YN) VALUES ('2023-10-19' , 'Y')
INSERT INTO Calendar (Day_Date,Business_Day_YN) VALUES ('2023-10-20' , 'N')
INSERT INTO Calendar (Day_Date,Business_Day_YN) VALUES ('2023-10-21' , 'Y')
INSERT INTO Calendar (Day_Date,Business_Day_YN) VALUES ('2023-10-22' , 'Y')
INSERT INTO Calendar (Day_Date,Business_Day_YN) VALUES ('2023-10-23' , 'N')
INSERT INTO Calendar (Day_Date,Business_Day_YN) VALUES ('2023-10-24' , 'Y')
INSERT INTO Calendar (Day_Date,Business_Day_YN) VALUES ('2023-10-25' , 'Y')
INSERT INTO Calendar (Day_Date,Business_Day_YN) VALUES ('2023-10-26' , 'N')
INSERT INTO Calendar (Day_Date,Business_Day_YN) VALUES ('2023-10-27' , 'Y')
INSERT INTO Calendar (Day_Date,Business_Day_YN) VALUES ('2023-10-28' , 'N')
INSERT INTO Calendar (Day_Date,Business_Day_YN) VALUES ('2023-10-29' , 'Y')
INSERT INTO Calendar (Day_Date,Business_Day_YN) VALUES ('2023-10-30' , 'Y')
INSERT INTO Calendar (Day_Date,Business_Day_YN) VALUES ('2023-10-31' , 'Y')
INSERT INTO Calendar (Day_Date,Business_Day_YN) VALUES ('2023-11-01' , 'Y')
INSERT INTO Calendar (Day_Date,Business_Day_YN) VALUES ('2023-11-02' , 'N')
INSERT INTO Calendar (Day_Date,Business_Day_YN) VALUES ('2023-11-03' , 'Y')
INSERT INTO Calendar (Day_Date,Business_Day_YN) VALUES ('2023-11-04' , 'Y')
INSERT INTO Calendar (Day_Date,Business_Day_YN) VALUES ('2023-11-05' , 'Y')
INSERT INTO Calendar (Day_Date,Business_Day_YN) VALUES ('2023-11-06' , 'N')
INSERT INTO Calendar (Day_Date,Business_Day_YN) VALUES ('2023-11-07' , 'Y')
INSERT INTO Calendar (Day_Date,Business_Day_YN) VALUES ('2023-11-08' , 'N')
INSERT INTO Calendar (Day_Date,Business_Day_YN) VALUES ('2023-11-09' , 'Y')
INSERT INTO Calendar (Day_Date,Business_Day_YN) VALUES ('2023-11-10' , 'Y')
INSERT INTO Calendar (Day_Date,Business_Day_YN) VALUES ('2023-11-11' , 'N')
INSERT INTO Calendar (Day_Date,Business_Day_YN) VALUES ('2023-11-12' , 'Y')
INSERT INTO Calendar (Day_Date,Business_Day_YN) VALUES ('2023-11-13' , 'Y')
INSERT INTO Calendar (Day_Date,Business_Day_YN) VALUES ('2023-11-14' , 'Y')
INSERT INTO Calendar (Day_Date,Business_Day_YN) VALUES ('2023-11-15' , 'N')
INSERT INTO Calendar (Day_Date,Business_Day_YN) VALUES ('2023-11-16' , 'Y')
INSERT INTO Calendar (Day_Date,Business_Day_YN) VALUES ('2023-11-17' , 'N')
INSERT INTO Calendar (Day_Date,Business_Day_YN) VALUES ('2023-11-18' , 'Y')
INSERT INTO Calendar (Day_Date,Business_Day_YN) VALUES ('2023-11-19' , 'N')
INSERT INTO Calendar (Day_Date,Business_Day_YN) VALUES ('2023-11-20' , 'Y')
INSERT INTO Calendar (Day_Date,Business_Day_YN) VALUES ('2023-11-21' , 'Y')
INSERT INTO Calendar (Day_Date,Business_Day_YN) VALUES ('2023-11-22' , 'N')
INSERT INTO Calendar (Day_Date,Business_Day_YN) VALUES ('2023-11-23' , 'Y')
INSERT INTO Calendar (Day_Date,Business_Day_YN) VALUES ('2023-11-24' , 'Y')
INSERT INTO Calendar (Day_Date,Business_Day_YN) VALUES ('2023-11-25' , 'Y')
INSERT INTO Calendar (Day_Date,Business_Day_YN) VALUES ('2023-11-26' , 'N')
INSERT INTO Calendar (Day_Date,Business_Day_YN) VALUES ('2023-11-27' , 'Y')
INSERT INTO Calendar (Day_Date,Business_Day_YN) VALUES ('2023-11-28' , 'Y')
INSERT INTO Calendar (Day_Date,Business_Day_YN) VALUES ('2023-11-29' , 'N')
INSERT INTO Calendar (Day_Date,Business_Day_YN) VALUES ('2023-11-30' , 'Y')
INSERT INTO Calendar (Day_Date,Business_Day_YN) VALUES ('2023-12-01' , 'Y')
INSERT INTO Calendar (Day_Date,Business_Day_YN) VALUES ('2023-12-02' , 'N')
INSERT INTO Calendar (Day_Date,Business_Day_YN) VALUES ('2023-12-03' , 'Y')
INSERT INTO Calendar (Day_Date,Business_Day_YN) VALUES ('2023-12-04' , 'Y')
INSERT INTO Calendar (Day_Date,Business_Day_YN) VALUES ('2023-12-05' , 'Y')
INSERT INTO Calendar (Day_Date,Business_Day_YN) VALUES ('2023-12-06' , 'Y')
INSERT INTO Calendar (Day_Date,Business_Day_YN) VALUES ('2023-12-07' , 'Y')
INSERT INTO Calendar (Day_Date,Business_Day_YN) VALUES ('2023-12-08' , 'N')
INSERT INTO Calendar (Day_Date,Business_Day_YN) VALUES ('2023-12-09' , 'Y')
INSERT INTO Calendar (Day_Date,Business_Day_YN) VALUES ('2023-12-10' , 'N')
INSERT INTO Calendar (Day_Date,Business_Day_YN) VALUES ('2023-12-11' , 'Y')
INSERT INTO Calendar (Day_Date,Business_Day_YN) VALUES ('2023-12-12' , 'Y')
INSERT INTO Calendar (Day_Date,Business_Day_YN) VALUES ('2023-12-13' , 'Y')
INSERT INTO Calendar (Day_Date,Business_Day_YN) VALUES ('2023-12-14' , 'N')
INSERT INTO Calendar (Day_Date,Business_Day_YN) VALUES ('2023-12-15' , 'N')
INSERT INTO Calendar (Day_Date,Business_Day_YN) VALUES ('2023-12-16' , 'N')
INSERT INTO Calendar (Day_Date,Business_Day_YN) VALUES ('2023-12-17' , 'Y')
INSERT INTO Calendar (Day_Date,Business_Day_YN) VALUES ('2023-12-18' , 'N')
INSERT INTO Calendar (Day_Date,Business_Day_YN) VALUES ('2023-12-19' , 'Y')
INSERT INTO Calendar (Day_Date,Business_Day_YN) VALUES ('2023-12-20' , 'Y')
INSERT INTO Calendar (Day_Date,Business_Day_YN) VALUES ('2023-12-21' , 'Y')
INSERT INTO Calendar (Day_Date,Business_Day_YN) VALUES ('2023-12-22' , 'N')
INSERT INTO Calendar (Day_Date,Business_Day_YN) VALUES ('2023-12-23' , 'Y')
INSERT INTO Calendar (Day_Date,Business_Day_YN) VALUES ('2023-12-24' , 'Y')
INSERT INTO Calendar (Day_Date,Business_Day_YN) VALUES ('2023-12-25' , 'N')
INSERT INTO Calendar (Day_Date,Business_Day_YN) VALUES ('2023-12-26' , 'Y')
INSERT INTO Calendar (Day_Date,Business_Day_YN) VALUES ('2023-12-27' , 'Y')
INSERT INTO Calendar (Day_Date,Business_Day_YN) VALUES ('2023-12-28' , 'Y')
INSERT INTO Calendar (Day_Date,Business_Day_YN) VALUES ('2023-12-29' , 'Y')
INSERT INTO Calendar (Day_Date,Business_Day_YN) VALUES ('2023-12-30' , 'Y')
INSERT INTO Calendar (Day_Date,Business_Day_YN) VALUES ('2023-12-31' , 'N')
INSERT INTO Calendar (Day_Date,Business_Day_YN) VALUES ('2024-01-01' , 'Y')
INSERT INTO Calendar (Day_Date,Business_Day_YN) VALUES ('2024-01-02' , 'Y')
INSERT INTO Calendar (Day_Date,Business_Day_YN) VALUES ('2024-01-03' , 'N')
INSERT INTO Calendar (Day_Date,Business_Day_YN) VALUES ('2024-01-04' , 'Y')
INSERT INTO Calendar (Day_Date,Business_Day_YN) VALUES ('2024-01-05' , 'Y')
INSERT INTO Calendar (Day_Date,Business_Day_YN) VALUES ('2024-01-06' , 'N')
INSERT INTO Calendar (Day_Date,Business_Day_YN) VALUES ('2024-01-07' , 'Y')
INSERT INTO Calendar (Day_Date,Business_Day_YN) VALUES ('2024-01-08' , 'N')
INSERT INTO Calendar (Day_Date,Business_Day_YN) VALUES ('2024-01-09' , 'Y')
INSERT INTO Calendar (Day_Date,Business_Day_YN) VALUES ('2024-01-10' , 'Y')
INSERT INTO Calendar (Day_Date,Business_Day_YN) VALUES ('2024-01-11' , 'Y')
INSERT INTO Calendar (Day_Date,Business_Day_YN) VALUES ('2024-01-12' , 'N')
INSERT INTO Calendar (Day_Date,Business_Day_YN) VALUES ('2024-01-13' , 'Y')
INSERT INTO Calendar (Day_Date,Business_Day_YN) VALUES ('2024-01-14' , 'Y')
INSERT INTO Calendar (Day_Date,Business_Day_YN) VALUES ('2024-01-15' , 'N')
INSERT INTO Calendar (Day_Date,Business_Day_YN) VALUES ('2024-01-16' , 'N')
INSERT INTO Calendar (Day_Date,Business_Day_YN) VALUES ('2024-01-17' , 'Y')
INSERT INTO Calendar (Day_Date,Business_Day_YN) VALUES ('2024-01-18' , 'N')
INSERT INTO Calendar (Day_Date,Business_Day_YN) VALUES ('2024-01-19' , 'Y')
INSERT INTO Calendar (Day_Date,Business_Day_YN) VALUES ('2024-01-20' , 'N')
INSERT INTO Calendar (Day_Date,Business_Day_YN) VALUES ('2024-01-21' , 'Y')
INSERT INTO Calendar (Day_Date,Business_Day_YN) VALUES ('2024-01-22' , 'Y')
INSERT INTO Calendar (Day_Date,Business_Day_YN) VALUES ('2024-01-23' , 'N')
INSERT INTO Calendar (Day_Date,Business_Day_YN) VALUES ('2024-01-24' , 'Y')
INSERT INTO Calendar (Day_Date,Business_Day_YN) VALUES ('2024-01-25' , 'Y')
INSERT INTO Calendar (Day_Date,Business_Day_YN) VALUES ('2024-01-26' , 'N')
INSERT INTO Calendar (Day_Date,Business_Day_YN) VALUES ('2024-01-27' , 'Y')
INSERT INTO Calendar (Day_Date,Business_Day_YN) VALUES ('2024-01-28' , 'N')
INSERT INTO Calendar (Day_Date,Business_Day_YN) VALUES ('2024-01-29' , 'Y')
INSERT INTO Calendar (Day_Date,Business_Day_YN) VALUES ('2024-01-30' , 'Y')
INSERT INTO Calendar (Day_Date,Business_Day_YN) VALUES ('2024-01-31' , 'N')
INSERT INTO Calendar (Day_Date,Business_Day_YN) VALUES ('2024-02-01' , 'Y')
INSERT INTO Calendar (Day_Date,Business_Day_YN) VALUES ('2024-02-02' , 'Y')
INSERT INTO Calendar (Day_Date,Business_Day_YN) VALUES ('2024-02-03' , 'N')
INSERT INTO Calendar (Day_Date,Business_Day_YN) VALUES ('2024-02-04' , 'Y')
INSERT INTO Calendar (Day_Date,Business_Day_YN) VALUES ('2024-02-05' , 'Y')
INSERT INTO Calendar (Day_Date,Business_Day_YN) VALUES ('2024-02-06' , 'N')
INSERT INTO Calendar (Day_Date,Business_Day_YN) VALUES ('2024-02-07' , 'Y')
INSERT INTO Calendar (Day_Date,Business_Day_YN) VALUES ('2024-02-08' , 'Y')
INSERT INTO Calendar (Day_Date,Business_Day_YN) VALUES ('2024-02-09' , 'Y')
INSERT INTO Calendar (Day_Date,Business_Day_YN) VALUES ('2024-02-10' , 'Y')
INSERT INTO Calendar (Day_Date,Business_Day_YN) VALUES ('2024-02-11' , 'N')
INSERT INTO Calendar (Day_Date,Business_Day_YN) VALUES ('2024-02-12' , 'Y')
INSERT INTO Calendar (Day_Date,Business_Day_YN) VALUES ('2024-02-13' , 'Y')
INSERT INTO Calendar (Day_Date,Business_Day_YN) VALUES ('2024-02-14' , 'Y')
INSERT INTO Calendar (Day_Date,Business_Day_YN) VALUES ('2024-02-15' , 'N')
INSERT INTO Calendar (Day_Date,Business_Day_YN) VALUES ('2024-02-16' , 'Y')
INSERT INTO Calendar (Day_Date,Business_Day_YN) VALUES ('2024-02-17' , 'Y')
INSERT INTO Calendar (Day_Date,Business_Day_YN) VALUES ('2024-02-18' , 'N')
INSERT INTO Calendar (Day_Date,Business_Day_YN) VALUES ('2024-02-19' , 'Y')
INSERT INTO Calendar (Day_Date,Business_Day_YN) VALUES ('2024-02-20' , 'Y')
INSERT INTO Calendar (Day_Date,Business_Day_YN) VALUES ('2024-02-21' , 'N')
INSERT INTO Calendar (Day_Date,Business_Day_YN) VALUES ('2024-02-22' , 'Y')
INSERT INTO Calendar (Day_Date,Business_Day_YN) VALUES ('2024-02-23' , 'Y')
INSERT INTO Calendar (Day_Date,Business_Day_YN) VALUES ('2024-02-24' , 'N')
INSERT INTO Calendar (Day_Date,Business_Day_YN) VALUES ('2024-02-25' , 'N')
INSERT INTO Calendar (Day_Date,Business_Day_YN) VALUES ('2024-02-26' , 'Y')
INSERT INTO Calendar (Day_Date,Business_Day_YN) VALUES ('2024-02-27' , 'Y')
INSERT INTO Calendar (Day_Date,Business_Day_YN) VALUES ('2024-02-28' , 'Y')
INSERT INTO Calendar (Day_Date,Business_Day_YN) VALUES ('2024-02-29' , 'Y')
INSERT INTO Calendar (Day_Date,Business_Day_YN) VALUES ('2024-03-01' , 'Y')
INSERT INTO Calendar (Day_Date,Business_Day_YN) VALUES ('2024-03-02' , 'Y')
INSERT INTO Calendar (Day_Date,Business_Day_YN) VALUES ('2024-03-03' , 'N')
INSERT INTO Calendar (Day_Date,Business_Day_YN) VALUES ('2024-03-04' , 'Y')
INSERT INTO Calendar (Day_Date,Business_Day_YN) VALUES ('2024-03-05' , 'Y')
INSERT INTO Calendar (Day_Date,Business_Day_YN) VALUES ('2024-03-06' , 'Y')
INSERT INTO Calendar (Day_Date,Business_Day_YN) VALUES ('2024-03-07' , 'N')
INSERT INTO Calendar (Day_Date,Business_Day_YN) VALUES ('2024-03-08' , 'Y')
INSERT INTO Calendar (Day_Date,Business_Day_YN) VALUES ('2024-03-09' , 'Y')
INSERT INTO Calendar (Day_Date,Business_Day_YN) VALUES ('2024-03-10' , 'Y')
INSERT INTO Calendar (Day_Date,Business_Day_YN) VALUES ('2024-03-11' , 'N')
INSERT INTO Calendar (Day_Date,Business_Day_YN) VALUES ('2024-03-12' , 'Y')
INSERT INTO Calendar (Day_Date,Business_Day_YN) VALUES ('2024-03-13' , 'Y')
INSERT INTO Calendar (Day_Date,Business_Day_YN) VALUES ('2024-03-14' , 'Y')
INSERT INTO Calendar (Day_Date,Business_Day_YN) VALUES ('2024-03-15' , 'N')
INSERT INTO Calendar (Day_Date,Business_Day_YN) VALUES ('2024-03-16' , 'N')
INSERT INTO Calendar (Day_Date,Business_Day_YN) VALUES ('2024-03-17' , 'Y')
INSERT INTO Calendar (Day_Date,Business_Day_YN) VALUES ('2024-03-18' , 'N')
INSERT INTO Calendar (Day_Date,Business_Day_YN) VALUES ('2024-03-19' , 'Y')
INSERT INTO Calendar (Day_Date,Business_Day_YN) VALUES ('2024-03-20' , 'Y')
INSERT INTO Calendar (Day_Date,Business_Day_YN) VALUES ('2024-03-21' , 'Y')
INSERT INTO Calendar (Day_Date,Business_Day_YN) VALUES ('2024-03-22' , 'N')
INSERT INTO Calendar (Day_Date,Business_Day_YN) VALUES ('2024-03-23' , 'Y')
INSERT INTO Calendar (Day_Date,Business_Day_YN) VALUES ('2024-03-24' , 'Y')
INSERT INTO Calendar (Day_Date,Business_Day_YN) VALUES ('2024-03-25' , 'N')
INSERT INTO Calendar (Day_Date,Business_Day_YN) VALUES ('2024-03-26' , 'Y')
INSERT INTO Calendar (Day_Date,Business_Day_YN) VALUES ('2024-03-27' , 'Y')
INSERT INTO Calendar (Day_Date,Business_Day_YN) VALUES ('2024-03-28' , 'N')
INSERT INTO Calendar (Day_Date,Business_Day_YN) VALUES ('2024-03-29' , 'Y')
INSERT INTO Calendar (Day_Date,Business_Day_YN) VALUES ('2024-03-30' , 'N')
INSERT INTO Calendar (Day_Date,Business_Day_YN) VALUES ('2024-03-31' , 'N')
INSERT INTO Calendar (Day_Date,Business_Day_YN) VALUES ('2024-04-01' , 'Y')
INSERT INTO Calendar (Day_Date,Business_Day_YN) VALUES ('2024-04-02' , 'Y')
INSERT INTO Calendar (Day_Date,Business_Day_YN) VALUES ('2024-04-03' , 'Y')
INSERT INTO Calendar (Day_Date,Business_Day_YN) VALUES ('2024-04-04' , 'Y')
INSERT INTO Calendar (Day_Date,Business_Day_YN) VALUES ('2024-04-05' , 'N')
INSERT INTO Calendar (Day_Date,Business_Day_YN) VALUES ('2024-04-06' , 'Y')
INSERT INTO Calendar (Day_Date,Business_Day_YN) VALUES ('2024-04-07' , 'Y')
INSERT INTO Calendar (Day_Date,Business_Day_YN) VALUES ('2024-04-08' , 'Y')
INSERT INTO Calendar (Day_Date,Business_Day_YN) VALUES ('2024-04-09' , 'N')
INSERT INTO Calendar (Day_Date,Business_Day_YN) VALUES ('2024-04-10' , 'Y')
INSERT INTO Calendar (Day_Date,Business_Day_YN) VALUES ('2024-04-11' , 'Y')
INSERT INTO Calendar (Day_Date,Business_Day_YN) VALUES ('2024-04-12' , 'Y')
INSERT INTO Calendar (Day_Date,Business_Day_YN) VALUES ('2024-04-13' , 'Y')
INSERT INTO Calendar (Day_Date,Business_Day_YN) VALUES ('2024-04-14' , 'N')
INSERT INTO Calendar (Day_Date,Business_Day_YN) VALUES ('2024-04-15' , 'Y')
INSERT INTO Calendar (Day_Date,Business_Day_YN) VALUES ('2024-04-16' , 'N')
INSERT INTO Calendar (Day_Date,Business_Day_YN) VALUES ('2024-04-17' , 'Y')
INSERT INTO Calendar (Day_Date,Business_Day_YN) VALUES ('2024-04-18' , 'Y')
INSERT INTO Calendar (Day_Date,Business_Day_YN) VALUES ('2024-04-19' , 'Y')
INSERT INTO Calendar (Day_Date,Business_Day_YN) VALUES ('2024-04-20' , 'Y')
INSERT INTO Calendar (Day_Date,Business_Day_YN) VALUES ('2024-04-21' , 'N')
INSERT INTO Calendar (Day_Date,Business_Day_YN) VALUES ('2024-04-22' , 'Y')
INSERT INTO Calendar (Day_Date,Business_Day_YN) VALUES ('2024-04-23' , 'N')
INSERT INTO Calendar (Day_Date,Business_Day_YN) VALUES ('2024-04-24' , 'Y')
INSERT INTO Calendar (Day_Date,Business_Day_YN) VALUES ('2024-04-25' , 'Y')
INSERT INTO Calendar (Day_Date,Business_Day_YN) VALUES ('2024-04-26' , 'Y')
INSERT INTO Calendar (Day_Date,Business_Day_YN) VALUES ('2024-04-27' , 'Y')
INSERT INTO Calendar (Day_Date,Business_Day_YN) VALUES ('2024-04-28' , 'Y')
INSERT INTO Calendar (Day_Date,Business_Day_YN) VALUES ('2024-04-29' , 'Y')
INSERT INTO Calendar (Day_Date,Business_Day_YN) VALUES ('2024-04-30' , 'Y')
INSERT INTO Calendar (Day_Date,Business_Day_YN) VALUES ('2024-05-01' , 'Y')
INSERT INTO Calendar (Day_Date,Business_Day_YN) VALUES ('2024-05-02' , 'N')
INSERT INTO Calendar (Day_Date,Business_Day_YN) VALUES ('2024-05-03' , 'Y')
INSERT INTO Calendar (Day_Date,Business_Day_YN) VALUES ('2024-05-04' , 'Y')
INSERT INTO Calendar (Day_Date,Business_Day_YN) VALUES ('2024-05-05' , 'Y')
INSERT INTO Calendar (Day_Date,Business_Day_YN) VALUES ('2024-05-06' , 'Y')
INSERT INTO Calendar (Day_Date,Business_Day_YN) VALUES ('2024-05-07' , 'N')
INSERT INTO Calendar (Day_Date,Business_Day_YN) VALUES ('2024-05-08' , 'Y')
INSERT INTO Calendar (Day_Date,Business_Day_YN) VALUES ('2024-05-09' , 'Y')
INSERT INTO Calendar (Day_Date,Business_Day_YN) VALUES ('2024-05-10' , 'N')
INSERT INTO Calendar (Day_Date,Business_Day_YN) VALUES ('2024-05-11' , 'Y')
INSERT INTO Calendar (Day_Date,Business_Day_YN) VALUES ('2024-05-12' , 'Y')
INSERT INTO Calendar (Day_Date,Business_Day_YN) VALUES ('2024-05-13' , 'Y')
INSERT INTO Calendar (Day_Date,Business_Day_YN) VALUES ('2024-05-14' , 'Y')
INSERT INTO Calendar (Day_Date,Business_Day_YN) VALUES ('2024-05-15' , 'N')
INSERT INTO Calendar (Day_Date,Business_Day_YN) VALUES ('2024-05-16' , 'Y')
INSERT INTO Calendar (Day_Date,Business_Day_YN) VALUES ('2024-05-17' , 'Y')
INSERT INTO Calendar (Day_Date,Business_Day_YN) VALUES ('2024-05-18' , 'Y')
INSERT INTO Calendar (Day_Date,Business_Day_YN) VALUES ('2024-05-19' , 'Y')
INSERT INTO Calendar (Day_Date,Business_Day_YN) VALUES ('2024-05-20' , 'Y')
INSERT INTO Calendar (Day_Date,Business_Day_YN) VALUES ('2024-05-21' , 'Y')
INSERT INTO Calendar (Day_Date,Business_Day_YN) VALUES ('2024-05-22' , 'Y')
INSERT INTO Calendar (Day_Date,Business_Day_YN) VALUES ('2024-05-23' , 'Y')
INSERT INTO Calendar (Day_Date,Business_Day_YN) VALUES ('2024-05-24' , 'N')
INSERT INTO Calendar (Day_Date,Business_Day_YN) VALUES ('2024-05-25' , 'Y')
INSERT INTO Calendar (Day_Date,Business_Day_YN) VALUES ('2024-05-26' , 'Y')
INSERT INTO Calendar (Day_Date,Business_Day_YN) VALUES ('2024-05-27' , 'Y')
INSERT INTO Calendar (Day_Date,Business_Day_YN) VALUES ('2024-05-28' , 'Y')
INSERT INTO Calendar (Day_Date,Business_Day_YN) VALUES ('2024-05-29' , 'Y')
INSERT INTO Calendar (Day_Date,Business_Day_YN) VALUES ('2024-05-30' , 'Y')
INSERT INTO Calendar (Day_Date,Business_Day_YN) VALUES ('2024-05-31' , 'N')
INSERT INTO Calendar (Day_Date,Business_Day_YN) VALUES ('2024-06-01' , 'Y')
INSERT INTO Calendar (Day_Date,Business_Day_YN) VALUES ('2024-06-02' , 'Y')
INSERT INTO Calendar (Day_Date,Business_Day_YN) VALUES ('2024-06-03' , 'Y')
INSERT INTO Calendar (Day_Date,Business_Day_YN) VALUES ('2024-06-04' , 'Y')
INSERT INTO Calendar (Day_Date,Business_Day_YN) VALUES ('2024-06-05' , 'Y')
INSERT INTO Calendar (Day_Date,Business_Day_YN) VALUES ('2024-06-06' , 'Y')
INSERT INTO Calendar (Day_Date,Business_Day_YN) VALUES ('2024-06-07' , 'Y')
INSERT INTO Calendar (Day_Date,Business_Day_YN) VALUES ('2024-06-08' , 'Y')
INSERT INTO Calendar (Day_Date,Business_Day_YN) VALUES ('2024-06-09' , 'Y')
INSERT INTO Calendar (Day_Date,Business_Day_YN) VALUES ('2024-06-10' , 'Y')
INSERT INTO Calendar (Day_Date,Business_Day_YN) VALUES ('2024-06-11' , 'N')
INSERT INTO Calendar (Day_Date,Business_Day_YN) VALUES ('2024-06-12' , 'Y')
INSERT INTO Calendar (Day_Date,Business_Day_YN) VALUES ('2024-06-13' , 'Y')
INSERT INTO Calendar (Day_Date,Business_Day_YN) VALUES ('2024-06-14' , 'Y')
INSERT INTO Calendar (Day_Date,Business_Day_YN) VALUES ('2024-06-15' , 'Y')
INSERT INTO Calendar (Day_Date,Business_Day_YN) VALUES ('2024-06-16' , 'Y')
INSERT INTO Calendar (Day_Date,Business_Day_YN) VALUES ('2024-06-17' , 'Y')
INSERT INTO Calendar (Day_Date,Business_Day_YN) VALUES ('2024-06-18' , 'N')
INSERT INTO Calendar (Day_Date,Business_Day_YN) VALUES ('2024-06-19' , 'Y')
INSERT INTO Calendar (Day_Date,Business_Day_YN) VALUES ('2024-06-20' , 'Y')
INSERT INTO Calendar (Day_Date,Business_Day_YN) VALUES ('2024-06-21' , 'Y')
INSERT INTO Calendar (Day_Date,Business_Day_YN) VALUES ('2024-06-22' , 'N')
INSERT INTO Calendar (Day_Date,Business_Day_YN) VALUES ('2024-06-23' , 'Y')
INSERT INTO Calendar (Day_Date,Business_Day_YN) VALUES ('2024-06-24' , 'Y')
INSERT INTO Calendar (Day_Date,Business_Day_YN) VALUES ('2024-06-25' , 'Y')
INSERT INTO Calendar (Day_Date,Business_Day_YN) VALUES ('2024-06-26' , 'Y')
INSERT INTO Calendar (Day_Date,Business_Day_YN) VALUES ('2024-06-27' , 'Y')
INSERT INTO Calendar (Day_Date,Business_Day_YN) VALUES ('2024-06-28' , 'Y')
INSERT INTO Calendar (Day_Date,Business_Day_YN) VALUES ('2024-06-29' , 'N')
INSERT INTO Calendar (Day_Date,Business_Day_YN) VALUES ('2024-06-30' , 'Y')
INSERT INTO Calendar (Day_Date,Business_Day_YN) VALUES ('2024-07-01' , 'Y')
INSERT INTO Calendar (Day_Date,Business_Day_YN) VALUES ('2024-07-02' , 'N')
INSERT INTO Calendar (Day_Date,Business_Day_YN) VALUES ('2024-07-03' , 'Y')
INSERT INTO Calendar (Day_Date,Business_Day_YN) VALUES ('2024-07-04' , 'Y')



-- INSERT VALUES INTO Seat_details
--select * from Seat_Details
 
Insert into Seat_Details(Seat_ID,Travel_Class_ID,Flight_ID) values ('01100FCL',1,100);
Insert into Seat_Details(Seat_ID,Travel_Class_ID,Flight_ID) values ('02101PREC',3,101)
Insert into Seat_Details(Seat_ID,Travel_Class_ID,Flight_ID) values('03102ECCL',4,102)
Insert into Seat_Details(Seat_ID,Travel_Class_ID,Flight_ID) values('04103PREC',3,103)
Insert into Seat_Details(Seat_ID,Travel_Class_ID,Flight_ID) values('05104BSCL',2,104)
Insert into Seat_Details(Seat_ID,Travel_Class_ID,Flight_ID) values('06105ECCL',4,105)
Insert into Seat_Details(Seat_ID,Travel_Class_ID,Flight_ID) values('07106BCEC',5,106)
Insert into Seat_Details(Seat_ID,Travel_Class_ID,Flight_ID) values('08107PREC',3,107)
Insert into Seat_Details(Seat_ID,Travel_Class_ID,Flight_ID) values('09108BCEC',5,108)
Insert into Seat_Details(Seat_ID,Travel_Class_ID,Flight_ID) values('10109ECCL',4,109)
Insert into Seat_Details(Seat_ID,Travel_Class_ID,Flight_ID) values('20110PREC',3,200)
Insert into Seat_Details(Seat_ID,Travel_Class_ID,Flight_ID) values('21201BCEC',5,201)
Insert into Seat_Details(Seat_ID,Travel_Class_ID,Flight_ID) values('22202BSCL',2,202)
Insert into Seat_Details(Seat_ID,Travel_Class_ID,Flight_ID) values('23203PREC',3,203)
Insert into Seat_Details(Seat_ID,Travel_Class_ID,Flight_ID) values('24204ECCL',4,204)
Insert into Seat_Details(Seat_ID,Travel_Class_ID,Flight_ID) values('25205PREC',3,205)
Insert into Seat_Details(Seat_ID,Travel_Class_ID,Flight_ID) values('26108BCEC',5,108)
Insert into Seat_Details(Seat_ID,Travel_Class_ID,Flight_ID) values('27109BCEC',5,109)
Insert into Seat_Details(Seat_ID,Travel_Class_ID,Flight_ID) values('28200BCEC',5,200)
Insert into Seat_Details(Seat_ID,Travel_Class_ID,Flight_ID) values('29201BCEC',5,201)
Insert into Seat_Details(Seat_ID,Travel_Class_ID,Flight_ID) values('30202BCEC',5,202)
Insert into Seat_Details(Seat_ID,Travel_Class_ID,Flight_ID) values('31203ECCL',4,203)
Insert into Seat_Details(Seat_ID,Travel_Class_ID,Flight_ID) values('32204PREC',3,204)
Insert into Seat_Details(Seat_ID,Travel_Class_ID,Flight_ID) values('33205BSCL',2,205)
Insert into Seat_Details(Seat_ID,Travel_Class_ID,Flight_ID) values('34107BCEC',5,107)
Insert into Seat_Details(Seat_ID,Travel_Class_ID,Flight_ID) values('35106BCEC',5,106)
Insert into Seat_Details(Seat_ID,Travel_Class_ID,Flight_ID) values('36105BCEC',5,105)
Insert into Seat_Details(Seat_ID,Travel_Class_ID,Flight_ID) values('37104BCEC',5,104)
Insert into Seat_Details(Seat_ID,Travel_Class_ID,Flight_ID) values('38103BCEC',5,103)
Insert into Seat_Details(Seat_ID,Travel_Class_ID,Flight_ID) values('39102ECCL',4,102)
Insert into Seat_Details(Seat_ID,Travel_Class_ID,Flight_ID) values('40101PREC',3,101)
Insert into Seat_Details(Seat_ID,Travel_Class_ID,Flight_ID) values('41100FCL',1,100)
Insert into Seat_Details(Seat_ID,Travel_Class_ID,Flight_ID) values('42205FCL',1,205)
Insert into Seat_Details(Seat_ID,Travel_Class_ID,Flight_ID) values('43204BCEC',5,204)
Insert into Seat_Details(Seat_ID,Travel_Class_ID,Flight_ID) values('44203ECCL',4,203)
Insert into Seat_Details(Seat_ID,Travel_Class_ID,Flight_ID) values('45202PREC',3,202)
Insert into Seat_Details(Seat_ID,Travel_Class_ID,Flight_ID) values('46201FCL',1,201)
Insert into Seat_Details(Seat_ID,Travel_Class_ID,Flight_ID) values('47200BSCL',2,200)
Insert into Seat_Details(Seat_ID,Travel_Class_ID,Flight_ID) values('48109ECCL',4,109)
Insert into Seat_Details(Seat_ID,Travel_Class_ID,Flight_ID) values('49108BCEC',5,108)
Insert into Seat_Details(Seat_ID,Travel_Class_ID,Flight_ID) values('50107BCEC',5,107)
Insert into Seat_Details(Seat_ID,Travel_Class_ID,Flight_ID) values('51106BCEC',5,106)
Insert into Seat_Details(Seat_ID,Travel_Class_ID,Flight_ID) values('52105BCEC',5,105)
Insert into Seat_Details(Seat_ID,Travel_Class_ID,Flight_ID) values('53104BCEC',5,104)
Insert into Seat_Details(Seat_ID,Travel_Class_ID,Flight_ID) values('54103ECCL',4,103)
Insert into Seat_Details(Seat_ID,Travel_Class_ID,Flight_ID) values('55102PREC',3,102)
Insert into Seat_Details(Seat_ID,Travel_Class_ID,Flight_ID) values('56101FCL',1,101)
Insert into Seat_Details(Seat_ID,Travel_Class_ID,Flight_ID) values('57100BSCL',1,100)
Insert into Seat_Details(Seat_ID,Travel_Class_ID,Flight_ID) values('58205ECCL',4,205)
Insert into Seat_Details(Seat_ID,Travel_Class_ID,Flight_ID) values('59204BCEC',5,204)
Insert into Seat_Details(Seat_ID,Travel_Class_ID,Flight_ID) values ('02206FCL',1,206);
Insert into Seat_Details(Seat_ID,Travel_Class_ID,Flight_ID) values ('03207PREC',3,207)
Insert into Seat_Details(Seat_ID,Travel_Class_ID,Flight_ID) values('04208ECCL',4,208)
Insert into Seat_Details(Seat_ID,Travel_Class_ID,Flight_ID) values('05209PREC',3,209)
Insert into Seat_Details(Seat_ID,Travel_Class_ID,Flight_ID) values('06210BSCL',2,210)
Insert into Seat_Details(Seat_ID,Travel_Class_ID,Flight_ID) values('07211ECCL',4,211)
Insert into Seat_Details(Seat_ID,Travel_Class_ID,Flight_ID) values('08212BCEC',5,212)
Insert into Seat_Details(Seat_ID,Travel_Class_ID,Flight_ID) values('09213PREC',3,213)
Insert into Seat_Details(Seat_ID,Travel_Class_ID,Flight_ID) values('10214BCEC',5,214)
Insert into Seat_Details(Seat_ID,Travel_Class_ID,Flight_ID) values('11215ECCL',4,215)
Insert into Seat_Details(Seat_ID,Travel_Class_ID,Flight_ID) values('21216PREC',3,216)
Insert into Seat_Details(Seat_ID,Travel_Class_ID,Flight_ID) values('22217BCEC',5,217)
Insert into Seat_Details(Seat_ID,Travel_Class_ID,Flight_ID) values('23218BSCL',2,218)
Insert into Seat_Details(Seat_ID,Travel_Class_ID,Flight_ID) values('24219PREC',3,219)
Insert into Seat_Details(Seat_ID,Travel_Class_ID,Flight_ID) values('25220ECCL',4,220)
Insert into Seat_Details(Seat_ID,Travel_Class_ID,Flight_ID) values('26221PREC',3,221)
Insert into Seat_Details(Seat_ID,Travel_Class_ID,Flight_ID) values('27222BCEC',5,222)
Insert into Seat_Details(Seat_ID,Travel_Class_ID,Flight_ID) values('28223BCEC',5,223)
Insert into Seat_Details(Seat_ID,Travel_Class_ID,Flight_ID) values('29224BCEC',5,224)
Insert into Seat_Details(Seat_ID,Travel_Class_ID,Flight_ID) values('30225BCEC',5,225)
Insert into Seat_Details(Seat_ID,Travel_Class_ID,Flight_ID) values('31226BCEC',5,226)
Insert into Seat_Details(Seat_ID,Travel_Class_ID,Flight_ID) values('32227ECCL',4,227)
Insert into Seat_Details(Seat_ID,Travel_Class_ID,Flight_ID) values('33228PREC',3,228)
Insert into Seat_Details(Seat_ID,Travel_Class_ID,Flight_ID) values('34229BSCL',2,229)
Insert into Seat_Details(Seat_ID,Travel_Class_ID,Flight_ID) values('35230BCEC',5,230)
Insert into Seat_Details(Seat_ID,Travel_Class_ID,Flight_ID) values('36231BCEC',5,231)
Insert into Seat_Details(Seat_ID,Travel_Class_ID,Flight_ID) values('37232BCEC',5,232)
Insert into Seat_Details(Seat_ID,Travel_Class_ID,Flight_ID) values('38233BCEC',5,233)
Insert into Seat_Details(Seat_ID,Travel_Class_ID,Flight_ID) values('39234BCEC',5,234)
Insert into Seat_Details(Seat_ID,Travel_Class_ID,Flight_ID) values('40235ECCL',4,235)
Insert into Seat_Details(Seat_ID,Travel_Class_ID,Flight_ID) values('41236PREC',3,236)
Insert into Seat_Details(Seat_ID,Travel_Class_ID,Flight_ID) values('42237FCL',1,237)
Insert into Seat_Details(Seat_ID,Travel_Class_ID,Flight_ID) values('43238FCL',1,238)
Insert into Seat_Details(Seat_ID,Travel_Class_ID,Flight_ID) values('44239BCEC',5,239)

--SELECT * FROM Seat_Details

-- INSERT VALUES INTO RESERVATION

Insert into Reservation(Reservation_ID,Passenger_ID,Seat_ID,Date_Of_Reservation) values(1,1,'01100FCL','2022-11-11')
Insert into Reservation(Reservation_ID,Passenger_ID,Seat_ID,Date_Of_Reservation) values(2,2,'02101PREC','2022-11-14')
Insert into Reservation(Reservation_ID,Passenger_ID,Seat_ID,Date_Of_Reservation) values(3,3,'03102ECCL','2022-11-16')
Insert into Reservation(Reservation_ID,Passenger_ID,Seat_ID,Date_Of_Reservation) values(4,4,'05104BSCL','2022-11-30')
Insert into Reservation(Reservation_ID,Passenger_ID,Seat_ID,Date_Of_Reservation) values(5,5,'10109ECCL','2022-11-22')
Insert into Reservation(Reservation_ID,Passenger_ID,Seat_ID,Date_Of_Reservation) values(6,6,'34107BCEC','2022-12-01')
Insert into Reservation(Reservation_ID,Passenger_ID,Seat_ID,Date_Of_Reservation) values(7,7,'43204BCEC','2022-11-14')
Insert into Reservation(Reservation_ID,Passenger_ID,Seat_ID,Date_Of_Reservation) values(8,8,'58205ECCL','2022-12-07')
Insert into Reservation(Reservation_ID,Passenger_ID,Seat_ID,Date_Of_Reservation) values(9,9,'38103BCEC','2022-11-28')
Insert into Reservation(Reservation_ID,Passenger_ID,Seat_ID,Date_Of_Reservation) values(10,10,'41100FCL','2022-11-29')
Insert into Reservation(Reservation_ID,Passenger_ID,Seat_ID,Date_Of_Reservation) values(11,1,'02206FCL','2023-01-02')
Insert into Reservation(Reservation_ID,Passenger_ID,Seat_ID,Date_Of_Reservation) values(12,2,'03207PREC','2023-01-10')
Insert into Reservation(Reservation_ID,Passenger_ID,Seat_ID,Date_Of_Reservation) values(13,3,'04208ECCL','2023-02-04')
Insert into Reservation(Reservation_ID,Passenger_ID,Seat_ID,Date_Of_Reservation) values(14,4,'05209PREC','2023-04-09')

 
--select * from  Reservation


--INSERT INTO SERVICE OFFERING

Insert into Service_Offering(Travel_Class_ID,Service_ID, Offered_YN)
VALUES(1,1,'Y');
INSERT INTO Service_Offering(Travel_Class_ID,Service_ID,Offered_YN)
VALUES(1,2,'Y');
INSERT INTO Service_Offering(Travel_Class_ID,Service_ID,Offered_YN)
VALUES(1,3,'Y');
INSERT INTO Service_Offering(Travel_Class_ID,Service_ID,Offered_YN)
VALUES(1,4,'Y');
INSERT INTO Service_Offering(Travel_Class_ID,Service_ID,Offered_YN,From_Month,To_Month)
VALUES(1,5,'Y','June','August');
INSERT INTO Service_Offering(Travel_Class_ID,Service_ID,Offered_YN)
VALUES(2,1,'Y');
INSERT INTO Service_Offering(Travel_Class_ID,Service_ID,Offered_YN)
VALUES(2,2,'Y');
INSERT INTO Service_Offering(Travel_Class_ID,Service_ID,Offered_YN)
VALUES(2,3,'Y');
INSERT INTO Service_Offering(Travel_Class_ID,Service_ID,Offered_YN)
VALUES(2,4,'Y');
INSERT INTO Service_Offering(Travel_Class_ID,Service_ID,Offered_YN)
VALUES(2,5,'N');
INSERT INTO Service_Offering(Travel_Class_ID,Service_ID,Offered_YN)
VALUES(3,1,'Y');
INSERT INTO Service_Offering(Travel_Class_ID,Service_ID,Offered_YN)
VALUES(3,2,'Y');
INSERT INTO Service_Offering(Travel_Class_ID,Service_ID,Offered_YN)
VALUES(3,3,'Y');
INSERT INTO Service_Offering(Travel_Class_ID,Service_ID,Offered_YN)
VALUES(3,4,'N');
INSERT INTO Service_Offering(Travel_Class_ID,Service_ID,Offered_YN)
VALUES(3,5,'N');
INSERT INTO Service_Offering(Travel_Class_ID,Service_ID,Offered_YN)
VALUES(4,1,'Y');
INSERT INTO Service_Offering(Travel_Class_ID,Service_ID,Offered_YN)
VALUES(4,2,'Y');
INSERT INTO Service_Offering(Travel_Class_ID,Service_ID,Offered_YN)
VALUES(4,3,'N');
INSERT INTO Service_Offering(Travel_Class_ID,Service_ID,Offered_YN)
VALUES(4,4,'N');
INSERT INTO Service_Offering(Travel_Class_ID,Service_ID,Offered_YN)
VALUES(4,5,'N');
INSERT INTO Service_Offering(Travel_Class_ID,Service_ID,Offered_YN)
VALUES(5,1,'Y');
INSERT INTO Service_Offering(Travel_Class_ID,Service_ID,Offered_YN)
VALUES(5,2,'N');
INSERT INTO Service_Offering(Travel_Class_ID,Service_ID,Offered_YN)
VALUES(5,3,'N');
INSERT INTO Service_Offering(Travel_Class_ID,Service_ID,Offered_YN)
VALUES(5,4,'N');
INSERT INTO Service_Offering(Travel_Class_ID,Service_ID,Offered_YN)
VALUES(5,5,'N');


--AUTOMATIC INSERT INTO FLIGHT COST USING A DML TRIGGER

--AUTOMATIC INSERT INTO INTO PAYMENT STATUS USING A DML TRIGGER





